spp,genus,species,fullname,Genus,Hybrid.marker,Species,Abbrev,Infraspecific.rank,Infraspecific,Authority,ID,Plant.Name.Index,TPL.version,Taxonomic.status,Family,New.Genus,New.Hybrid.marker,New.Species,New.spp,New.Infraspecific.rank,New.Infraspecific,New.Authority,New.ID,New.Taxonomic.status,Typo,WFormat,Higher.level,Date,Tax_res
BISBIS,Bistorta,bistortoides,Bistorta bistortoides,Bistorta,,bistortoides,NA,NA,,,kew-2676772,TRUE,1.1,Unresolved,Polygonaceae,Bistorta,,bistortoides,BISBIS,,,(Pursh) Small,kew-2676772,Unresolved,FALSE,FALSE,FALSE,4/2/2020,Species
DASFRU,Dasiphora,fruticosa,Dasiphora fruticosa,Dasiphora,,fruticosa,NA,NA,,,rjp-3465,TRUE,1.1,Unresolved,Rosaceae,Dasiphora,,fruticosa,DASFRU,,,auct.,rjp-3465,Unresolved,FALSE,FALSE,FALSE,4/2/2020,Species
EUPMIN,Euphrasia,minima,Euphrasia minima,Euphrasia,,minima,NA,NA,,,kew-2804229,TRUE,1.1,Unresolved,Orobanchaceae,Euphrasia,,minima,EUPMIN,,,Schloss.,kew-2804229,Unresolved,FALSE,FALSE,FALSE,4/2/2020,Species
GEUROS,Geum ,rosii,Geum  rosii,Geum,,rosii,NA,NA,,,tro-50003387,TRUE,1.1,Unresolved,Rosaceae,Geum,,rosii,GEUROS,,,Pursh,tro-50003387,Unresolved,FALSE,FALSE,FALSE,4/2/2020,Species
PLAEUR,Plantago,euryphylla,Plantago euryphylla,Plantago,,euryphylla,NA,NA,,,kew-2570080,TRUE,1.1,Unresolved,Plantaginaceae,Plantago,,euryphylla,PLAEUR,,,"B.G.Briggs, Carolin & Pulley",kew-2570080,Unresolved,FALSE,FALSE,FALSE,4/2/2020,Species
POTDIV,Potentilla,diversifolia,Potentilla diversifolia,Potentilla,,diversifolia,NA,NA,,,rjp-40193,TRUE,1.1,Unresolved,Rosaceae,Potentilla,,diversifolia,POTDIV,,,A.Gray,rjp-40193,Unresolved,FALSE,FALSE,FALSE,4/2/2020,Species
RANVIC,Ranunculus,victoriensis,Ranunculus victoriensis,Ranunculus,,victoriensis,NA,NA,,,kew-2525294,TRUE,1.1,Unresolved,Ranunculaceae,Ranunculus,,victoriensis,RANVIC,,,B.G.Briggs,kew-2525294,Unresolved,FALSE,FALSE,FALSE,4/2/2020,Species
RANVIL,Ranunculus,villarsii,Ranunculus villarsii,Ranunculus,,villarsii,NA,NA,,,kew-2525321,TRUE,1.1,Unresolved,Ranunculaceae,Ranunculus,,villarsii,RANVIL,,,DC.,kew-2525321,Unresolved,FALSE,FALSE,FALSE,4/2/2020,Species
ANTHOALP,Anthoxanthum,alpinum,Anthoxanthum alpinum,Anthoxanthum,,alpinum,NA,NA,,,kew-393937,TRUE,1.1,Synonym,Poaceae,Anthoxanthum,,odoratum,ANTHODO,,,L.,kew-394021,Accepted,FALSE,FALSE,FALSE,4/2/2020,Species
ARTBOR,Artemisia,borealis,Artemisia borealis,Artemisia,,borealis,NA,NA,,,gcc-116135,TRUE,1.1,Synonym,Compositae,Artemisia,,campestris,ARTCAMBOR,subsp.,borealis,(Pall.) H.M.Hall & Clem.,gcc-34509,Accepted,FALSE,FALSE,FALSE,4/2/2020,Species
RANGLA,Ranunculus,glacialis,Ranunculus glacialis,Ranunculus,,glacialis,NA,NA,,,kew-2524023,TRUE,1.1,Synonym,Ranunculaceae,Beckwithia,,glacialis,BECGLA,,,(L.) Á.Löve & D.Löve,kew-2672304,Accepted,FALSE,FALSE,FALSE,4/2/2020,Species
CARALP,Cardamine,alpina,Cardamine alpina,Cardamine,,alpina,NA,NA,,,kew-2699386,TRUE,1.1,Synonym,Brassicaceae,Cardamine,,bellidifolia,CARBELALP,subsp.,alpina,(Willd.) Jaer,kew-2699487,Accepted,FALSE,FALSE,FALSE,4/2/2020,Species
CARSTA,Carex,aquatilis ssp. Stans,Carex aquatilis ssp. Stans,Carex,,aquatilis,NA,ssp.,,Stans,kew-224562,TRUE,1.1,Synonym,Cyperaceae,Carex,,microcarpa,CARMIC,,,Bertol. ex Moris,kew-228630,Accepted,FALSE,FALSE,FALSE,4/2/2020,Species
CARBRE,Carex,brevipes,Carex brevipes,Carex,,brevipes,NA,NA,,,kew-225123,TRUE,1.1,Synonym,Cyperaceae,Carex,,rossii,CARROS,,,Boott,kew-230459,Accepted,FALSE,FALSE,FALSE,4/2/2020,Species
OREERI,Oreomyrrhis,eripoda,Oreomyrrhis eripoda,Oreomyrrhis,,eripoda,NA,NA,,,tro-50325446,TRUE,1.1,Synonym,Apiaceae,Chaerophyllum,,eriopodum,CHAERI,,,(DC.) K.F.Chung,kew-2603933,Unresolved,TRUE,FALSE,FALSE,4/2/2020,Species
GENTEN,Gentianella,tenella,Gentianella tenella,Gentianella,,tenella,NA,NA,,,kew-2822314,TRUE,1.1,Synonym,Gentianaceae,Comastoma,,tenellum,COMTEN,,,(Rottb.) Toyok.,kew-2732324,Accepted,FALSE,FALSE,FALSE,4/2/2020,Species
COEVIR,Coeloglossum,viride,Coeloglossum viride,Coeloglossum,,viride,NA,NA,,,kew-44922,TRUE,1.1,Synonym,Orchidaceae,Dactylorhiza,,viridis,DACVIR,,,"(L.) R.M.Bateman, Pridgeon & M.W.Chase",kew-55635,Accepted,FALSE,FALSE,FALSE,4/2/2020,Species
DESALP,Deschampsia,alpina,Deschampsia alpina,Deschampsia,,alpina,NA,NA,,,kew-407529,TRUE,1.1,Synonym,Poaceae,Deschampsia,,cespitosa,DESCES,,,(L.) P.Beauv.,kew-407579,Accepted,FALSE,FALSE,FALSE,4/2/2020,Species
DESCAE,Deschampsia,caespitosa,Deschampsia caespitosa,Deschampsia,,caespitosa,NA,NA,,,kew-407577,TRUE,1.1,Synonym,Poaceae,Deschampsia,,cespitosa,DESCES,,,(L.) P.Beauv.,kew-407579,Accepted,FALSE,FALSE,FALSE,4/2/2020,Species
AVEFLE,Avenella,flexuosa,Avenella flexuosa,Avenella,,flexuosa,NA,NA,,,kew-398171,TRUE,1.1,Synonym,Poaceae,Deschampsia,,flexuosa,DESFLE,,,(L.) Trin.,kew-407693,Accepted,FALSE,FALSE,FALSE,4/2/2020,Species
DUPPSI,Dupontia,psilosantha,Dupontia psilosantha,Dupontia,,psilosantha,NA,NA,,,kew-410108,TRUE,1.1,Synonym,Poaceae,Dupontia,,fisheri,DUPFIS,,,R.Br.,kew-410096,Accepted,FALSE,FALSE,FALSE,4/2/2020,Species
SCICAE,Scirpus,caespitosus,Scirpus caespitosus,Scirpus,,caespitosus,NA,NA,,,kew-263846,TRUE,1.1,Synonym,Cyperaceae,Eleocharis,,palustris,ELOPAL,,,(L.) Roem. & Schult.,kew-242738,Accepted,FALSE,FALSE,FALSE,4/2/2020,Species
EMPHER,Empetrum,hermaphroditum,Empetrum hermaphroditum,Empetrum,,hermaphroditum,NA,NA,,,kew-2788467,TRUE,1.1,Synonym,Ericaceae,Empetrum,,nigrum,EMPNIGHER,subsp.,hermaphroditum,(Hagerup) Böcher,kew-2788488,Accepted,FALSE,FALSE,FALSE,4/2/2020,Species
CHAANG,Chamerion,angustifolium,Chamerion angustifolium,Chamerion,,angustifolium,NA,NA,,,kew-2715792,TRUE,1.1,Synonym,Onagraceae,Epilobium,,angustifolium,EPIANG,,,L.,kew-2790112,Accepted,FALSE,FALSE,FALSE,4/2/2020,Species
POALAX,Poa,laxa,Poa laxa,Poa,,laxa,NA,NA,,,kew-436331,TRUE,1.1,Synonym,Poaceae,Festuca,,subverticillata,FESSUB,,,(Pers.) E.B.Alexeev,kew-416895,Accepted,FALSE,FALSE,FALSE,4/2/2020,Species
LLOSER,Lloydia,serotina,Lloydia serotina,Lloydia,,serotina,NA,NA,,,kew-280271,TRUE,1.1,Synonym,Liliaceae,Gagea,,serotina,GAGSER,,,(L.) Ker Gawl.,kew-307417,Accepted,FALSE,FALSE,FALSE,4/2/2020,Species
ACOROS,Acomastylis,rossii,Acomastylis rossii,Acomastylis,,rossii,NA,NA,,,rjp-3417,TRUE,1.1,Synonym,Rosaceae,Geum,,rossii,GEUROS,,,(R.Br.) Ser.,rjp-75,Unresolved,FALSE,FALSE,FALSE,4/2/2020,Species
AVEVER,Avenula,versicolor,Avenula versicolor,Avenula,,versicolor,NA,NA,,,kew-398334,TRUE,1.1,Synonym,Poaceae,Helictotrichon,,versicolor,HELVER,,,(Vill.) Schult. & Schult.f.,kew-418551,Accepted,FALSE,FALSE,FALSE,4/2/2020,Species
HIEHIR,Hierochloe,hirta,Hierochloe hirta,Hierochloe,,hirta,NA,NA,,,kew-418857,TRUE,1.1,Synonym,Poaceae,Hierochloe,,odorata,HIEODO,,,(L.) P.Beauv.,kew-418883,Accepted,FALSE,FALSE,FALSE,4/2/2020,Species
SENINC,Senecio,incanus ,Senecio incanus ,Senecio,,incanus,NA,NA,,,gcc-52157,TRUE,1.1,Synonym,Compositae,Jacobaea,,incana,JACINC,,,(L.) Veldkamp,gcc-10608,Accepted,FALSE,FALSE,FALSE,4/2/2020,Species
SENCAR,Senecio,carniolicus,Senecio carniolicus,Senecio,,carniolicus,NA,NA,,,gcc-22063,TRUE,1.1,Synonym,Compositae,Jacobaea,,incana,JACINCCAR,subsp.,carniolica,(Willd.) B.Nord. & Greuter,gcc-64142,Accepted,FALSE,FALSE,FALSE,4/2/2020,Species
JUNNAN,Juniperus,nana,Juniperus nana,Juniperus,,nana,NA,NA,,,kew-2332671,TRUE,1.1,Synonym,Cupressaceae,Juniperus,,communis,JUNCOM,var.,saxatilis,Pall.,kew-2871050,Accepted,FALSE,FALSE,FALSE,4/2/2020,Species
RHOSUB,Rhododendron ,subarcticum,Rhododendron  subarcticum,Rhododendron,,subarcticum,NA,NA,,,tro-12303742,TRUE,1.1,Synonym,Ericaceae,Ledum,,palustre,LEDPALDEC,subsp.,decumbens,(Aiton) Hultén,kew-2355735,Accepted,FALSE,FALSE,FALSE,4/2/2020,Species
KALPRO,Kalmia,procumbens,Kalmia procumbens,Kalmia,,procumbens,NA,NA,,,tro-50310700,TRUE,1.1,Synonym,Ericaceae,Loiseleuria,,procumbens,LOIPRO,,,(L.) Loisel.,kew-2337993,Accepted,FALSE,FALSE,FALSE,4/2/2020,Species
SAXCAE,Saxifraga,caespitosa,Saxifraga caespitosa,Saxifraga,,caespitosa,NA,NA,,,rjp-16877,TRUE,1.1,Synonym,Rosaceae,Luetkea,,pectinata,LUEPEC,,,(Pursh) Kuntze,rjp-5759,Accepted,FALSE,FALSE,FALSE,4/2/2020,Species
LUZARC,Luzula,arctica,Luzula arctica,Luzula,,arctica,NA,NA,,,kew-316164,TRUE,1.1,Synonym,Juncaceae,Luzula,,nivalis,LUZNIV,,,(Laest.) Spreng.,kew-316552,Accepted,FALSE,FALSE,FALSE,4/2/2020,Species
TRIEUR,Trientalis,europaea,Trientalis europaea,Trientalis,,europaea,NA,NA,,,kew-2513563,TRUE,1.1,Synonym,Primulaceae,Lysimachia,,europaea,LYSEUR,,,(L.) U.Manns & Anderb.,kew-2896575,Accepted,FALSE,FALSE,FALSE,4/2/2020,Species
PAPHUL,Papaver,hultenii,Papaver hultenii,Papaver,,hultenii,NA,NA,,,tro-24000263,TRUE,1.1,Synonym,Papaveraceae,Papaver,,lapponicum,PAPLAP,,,(Tolm.) Nordh.,kew-2560739,Accepted,FALSE,FALSE,FALSE,4/2/2020,Species
PAPDAH,Papaver,dahlianum,Papaver dahlianum,Papaver,,dahlianum,NA,NA,,,kew-2560616,TRUE,1.1,Synonym,Papaveraceae,Papaver,,radicatum,PAPRAD,,,Rottb.,kew-2561557,Accepted,FALSE,FALSE,FALSE,4/2/2020,Species
PEDKAN,Pedicularis,kanei,Pedicularis kanei,Pedicularis,,kanei,NA,NA,,,tro-29203808,TRUE,1.1,Synonym,Orobanchaceae,Pedicularis,,lanata,PEDLAN,,,Willd. ex Cham. & Schltdl.,tro-29200146,Accepted,FALSE,FALSE,FALSE,4/2/2020,Species
BISPLU,Bistorta,plumosa,Bistorta plumosa,Bistorta,,plumosa,NA,NA,,,kew-2676835,TRUE,1.1,Synonym,Polygonaceae,Persicaria,,bistorta,PERBIS,,,(L.) Samp.,kew-2571994,Accepted,FALSE,FALSE,FALSE,4/2/2020,Species
POLBIS,Polygonum,bistorta,Polygonum bistorta,Polygonum,,bistorta,NA,NA,,,kew-2574619,TRUE,1.1,Synonym,Polygonaceae,Persicaria,,bistorta,PERBIS,,,(L.) Samp.,kew-2571994,Accepted,FALSE,FALSE,FALSE,4/2/2020,Species
BISVIV,Bistorta,vivipara,Bistorta vivipara,Bistorta,,vivipara,NA,NA,,,kew-2676863,TRUE,1.1,Synonym,Polygonaceae,Persicaria,,vivipara,PERVIV,,,(L.) Ronse Decr.,kew-2572250,Accepted,FALSE,FALSE,FALSE,4/2/2020,Species
POLVIV,Polygonum,viviparum,Polygonum viviparum,Polygonum,,viviparum,NA,NA,,,kew-2574216,TRUE,1.1,Synonym,Polygonaceae,Persicaria,,vivipara,PERVIV,,,(L.) Ronse Decr.,kew-2572250,Accepted,FALSE,FALSE,FALSE,4/2/2020,Species
PHLCOM,Phleum,commutatum,Phleum commutatum,Phleum,,commutatum,NA,NA,,,kew-433767,TRUE,1.1,Synonym,Poaceae,Phleum,,alpinum,PHLALP,,,L.,kew-433718,Accepted,FALSE,FALSE,FALSE,4/2/2020,Species
POAMAL,Poa,malacantha,Poa malacantha,Poa,,malacantha,NA,NA,,,kew-436466,TRUE,1.1,Synonym,Poaceae,Poa,,lanata,POALAN,,,Scribn. & Merr.,kew-436305,Accepted,FALSE,FALSE,FALSE,4/2/2020,Species
LEOAUT,Leontodon,autumnalis,Leontodon autumnalis,Leontodon,,autumnalis,NA,NA,,,gcc-124093,TRUE,1.1,Synonym,Compositae,Scorzoneroides,,autumnalis,SCOAUT,,,(L.) Moench,gcc-121516,Accepted,FALSE,FALSE,FALSE,4/2/2020,Species
LEOHEL,Leontodon, helveticus,Leontodon  helveticus,Leontodon,,helveticus,NA,NA,,,gcc-21159,TRUE,1.1,Synonym,Compositae,Scorzoneroides,,helvetica,SCOHEL,,,(Mérat) Holub,gcc-89379,Accepted,FALSE,FALSE,FALSE,4/2/2020,Species
RHOROS,Rhodiola,rosea,Rhodiola rosea,Rhodiola,,rosea,NA,NA,,,kew-2416694,TRUE,1.1,Synonym,Crassulaceae,Sedum,,roseum,SEDROS,,,(L.) Scop.,kew-2475525,Accepted,FALSE,FALSE,FALSE,4/2/2020,Species
VISALP,Viscaria,alpina,Viscaria alpina,Viscaria,,alpina,NA,NA,,,kew-2458633,TRUE,1.1,Synonym,Caryophyllaceae,Silene,,suecica,SILSUE,,,(Lodd.) Greuter & Burdet,kew-2487741,Accepted,FALSE,FALSE,FALSE,4/2/2020,Species
MELAPE,Melandrium,apetalum,Melandrium apetalum,Melandrium,,apetalum,NA,NA,,,kew-2370525,TRUE,1.1,Synonym,Caryophyllaceae,Silene,,uralensis,SILURA,subsp.,apetala,(L.) Bocquet,kew-2870171,Accepted,FALSE,FALSE,FALSE,4/2/2020,Species
SILWAH,Silene,wahlbergella,Silene wahlbergella,Silene,,wahlbergella,NA,NA,,,kew-2487827,TRUE,1.1,Synonym,Caryophyllaceae,Silene,,uralensis,SILURAAPE,subsp.,apetala,(L.) Bocquet,kew-2870171,Accepted,FALSE,FALSE,FALSE,4/2/2020,Species
STELAE,Stellaria,laeta,Stellaria laeta,Stellaria,,laeta,NA,NA,,,tro-6300545,TRUE,1.1,Synonym,Caryophyllaceae,Stellaria,,longipes,STELON,,,Goldie,kew-2481957,Accepted,FALSE,FALSE,FALSE,4/2/2020,Species
SENATR,Senecio,atropurpureus,Senecio atropurpureus,Senecio,,atropurpureus,NA,NA,,,gcc-83409,TRUE,1.1,Synonym,Compositae,Tephroseris,,integrifolia,TEPINT,subsp.,atropurpurea,(Ledeb.) B.Nord.,gcc-67890,Accepted,FALSE,FALSE,FALSE,4/2/2020,Species
VACGAU,Vaccinium,gaultherioides,Vaccinium gaultherioides,Vaccinium,,gaultherioides,NA,NA,,,tro-12300047,TRUE,1.1,Synonym,Ericaceae,Vaccinium,,uliginosum,VACULI,,,L.,kew-2457998,Accepted,FALSE,FALSE,FALSE,4/2/2020,Species
ARCALP,Arctostaphylos,alpina,Arctostaphylos alpina,Arctostaphylos,,alpina,NA,NA,,,kew-2647118,TRUE,1.1,Synonym,Ericaceae,Arctous,,alpina,ARCALP,,,(L.) Nied.,kew-2647463,Accepted,FALSE,FALSE,FALSE,4/2/2020,Species
ERIBEL,Erigeron,bellidifolia,Erigeron bellidifolia,Erigeron,,bellidifolia,NA,NA,,,gcc-125488,TRUE,1.1,Synonym,Compositae,Erigeron,,pulchellus,ERIPUL,,,Michx.,gcc-108753,Accepted,TRUE,FALSE,FALSE,4/2/2020,Species
ERISIM,Erigeron,simplex,Erigeron simplex,Erigeron,,simplex,NA,NA,,,gcc-118327,TRUE,1.1,Synonym,Compositae,Erigeron,,grandiflorus,ERIGRA,,,Hook.,gcc-125034,Accepted,FALSE,FALSE,FALSE,4/2/2020,Species
ERIRUS,Eriophorum,russeolum,Eriophorum russeolum,Eriophorum,,russeolum,NA,NA,,,kew-244592,TRUE,1.1,Synonym,Cyperaceae,Eriophorum,,chamissonis,ERICHA,,,C.A.Mey.,kew-244534,Accepted,FALSE,FALSE,FALSE,4/2/2020,Species
ERITRI,Eriophorum,triste,Eriophorum triste,Eriophorum,,triste,NA,NA,,,kew-244612,TRUE,1.1,Synonym,Cyperaceae,Eriophorum,,angustifolium,ERIANG,subsp.,triste,(T.C.E.Fr.) Hultén,kew-244520,Accepted,FALSE,FALSE,FALSE,4/2/2020,Species
GENALG,Gentianoides,algida,Gentianoides algida,Gentianoides,,algida,NA,NA,,,kew-2822349,TRUE,1.1,Synonym,Gentianaceae,Gentiana,,algida,GENALG,,,Pall.,kew-2819866,Accepted,TRUE,FALSE,FALSE,4/2/2020,Species
AGRALP,Agrostis,alpina,Agrostis alpina,Agrostis,,alpina,NA,NA,,,kew-389160,TRUE,1.1,Accepted,Poaceae,Agrostis,,alpina,AGRALP,,,Scop.,kew-389160,Accepted,FALSE,FALSE,FALSE,4/2/2020,Species
AGRMER,Agrostis,mertensii,Agrostis mertensii,Agrostis,,mertensii,NA,NA,,,kew-389907,TRUE,1.1,Accepted,Poaceae,Agrostis,,mertensii,AGRMER,,,Trin.,kew-389907,Accepted,FALSE,FALSE,FALSE,4/2/2020,Species
ALCGLA,Alchemilla,glabra,Alchemilla glabra,Alchemilla,,glabra,NA,NA,,,rjp-1095,TRUE,1.1,Accepted,Rosaceae,Alchemilla,,glabra,ALCGLA,,,Neygenf.,rjp-1095,Accepted,FALSE,FALSE,FALSE,4/2/2020,Species
ALOALP,Alopecurus,alpinus,Alopecurus alpinus,Alopecurus,,alpinus,NA,NA,,,kew-391276,TRUE,1.1,Accepted,Poaceae,Alopecurus,,alpinus,ALOALP,,,Vill.,kew-391276,Accepted,FALSE,FALSE,FALSE,4/2/2020,Species
ALOMAG,Alopecurus,magellanicus,Alopecurus magellanicus,Alopecurus,,magellanicus,NA,NA,,,kew-391462,TRUE,1.1,Accepted,Poaceae,Alopecurus,,magellanicus,ALOMAG,,,Lam.,kew-391462,Accepted,FALSE,FALSE,FALSE,4/2/2020,Species
ANDPOL,Andromeda,polifolia,Andromeda polifolia,Andromeda,,polifolia,NA,NA,,,kew-2637263,TRUE,1.1,Accepted,Ericaceae,Andromeda,,polifolia,ANDPOL,,,L.,kew-2637263,Accepted,FALSE,FALSE,FALSE,4/2/2020,Species
ANGARC,Angelica,archangelica,Angelica archangelica,Angelica,,archangelica,NA,NA,,,kew-2638995,TRUE,1.1,Accepted,Apiaceae,Angelica,,archangelica,ANGARC,,,L.,kew-2638995,Accepted,FALSE,FALSE,FALSE,4/2/2020,Species
ANTALP,Antennaria,alpina,Antennaria alpina,Antennaria,,alpina,NA,NA,,,gcc-40777,TRUE,1.1,Accepted,Compositae,Antennaria,,alpina,ANTALP,,,(L.) Gaertn.,gcc-40777,Accepted,FALSE,FALSE,FALSE,4/2/2020,Species
ANTDIO,Antennaria,dioica,Antennaria dioica,Antennaria,,dioica,NA,NA,,,gcc-134033,TRUE,1.1,Accepted,Compositae,Antennaria,,dioica,ANTDIO,,,(L.) Gaertn.,gcc-134033,Accepted,FALSE,FALSE,FALSE,4/2/2020,Species
ANTFRI,Antennaria,friesiana,Antennaria friesiana,Antennaria,,friesiana,NA,NA,,,gcc-40042,TRUE,1.1,Accepted,Compositae,Antennaria,,friesiana,ANTFRI,,,(Trautv.) Ekman,gcc-40042,Accepted,FALSE,FALSE,FALSE,4/2/2020,Species
ARAALP,Arabis,alpina,Arabis alpina,Arabis,,alpina,NA,NA,,,kew-2645295,TRUE,1.1,Accepted,Brassicaceae,Arabis,,alpina,ARAALP,,,L.,kew-2645295,Accepted,FALSE,FALSE,FALSE,4/2/2020,Species
ARCLAT,Arctagrostis,latifolia,Arctagrostis latifolia,Arctagrostis,,latifolia,NA,NA,,,kew-394241,TRUE,1.1,Accepted,Poaceae,Arctagrostis,,latifolia,ARCLAT,,,(R.Br.) Griseb.,kew-394241,Accepted,FALSE,FALSE,FALSE,4/2/2020,Species
ARCFUL,Arctophila,fulva,Arctophila fulva,Arctophila,,fulva,NA,NA,,,kew-394265,TRUE,1.1,Accepted,Poaceae,Arctophila,,fulva,ARCFUL,,,(Trin.) Andersson,kew-394265,Accepted,FALSE,FALSE,FALSE,4/2/2020,Species
ARCUVA,Arctostaphylos,uva-ursi,Arctostaphylos uva-ursi,Arctostaphylos,,uva-ursi,NA,NA,,,kew-2647407,TRUE,1.1,Accepted,Ericaceae,Arctostaphylos,,uva-ursi,ARCUVA,,,(L.) Spreng.,kew-2647407,Accepted,FALSE,FALSE,FALSE,4/2/2020,Species
ARENOR,Arenaria,norvegica,Arenaria norvegica,Arenaria,,norvegica,NA,NA,,,kew-2649841,TRUE,1.1,Accepted,Caryophyllaceae,Arenaria,,norvegica,ARENOR,,,Gunnerus,kew-2649841,Accepted,FALSE,FALSE,FALSE,4/2/2020,Species
ARNMON,Arnica,montana,Arnica montana,Arnica,,montana,NA,NA,,,gcc-103364,TRUE,1.1,Accepted,Compositae,Arnica,,montana,ARNMON,,,L.,gcc-103364,Accepted,FALSE,FALSE,FALSE,4/2/2020,Species
ARTSCO,Artemisia,scopulorum,Artemisia scopulorum,Artemisia,,scopulorum,NA,NA,,,gcc-99611,TRUE,1.1,Accepted,Compositae,Artemisia,,scopulorum,ARTSCO,,,A.Gray,gcc-99611,Accepted,FALSE,FALSE,FALSE,4/2/2020,Species
ASTTRY,Asterolasia,trymalioides,Asterolasia trymalioides,Asterolasia,,trymalioides,NA,NA,,,kew-2656682,TRUE,1.1,Accepted,Rutaceae,Asterolasia,,trymalioides,ASTTRY,,,F.Muell.,kew-2656682,Accepted,FALSE,FALSE,FALSE,4/2/2020,Species
ASTFRI,Astragalus,frigidus,Astragalus frigidus,Astragalus,,frigidus,NA,NA,,,ild-8626,TRUE,1.1,Accepted,Leguminosae,Astragalus,,frigidus,ASTFRI,,,(L.) A.Gray,ild-8626,Accepted,FALSE,FALSE,FALSE,4/2/2020,Species
ASTRAALP,Astragalus,alpinus,Astragalus alpinus,Astragalus,,alpinus,NA,NA,,,ild-10175,TRUE,1.1,Accepted,Leguminosae,Astragalus,,alpinus,ASTRAALP,,,L.,ild-10175,Accepted,FALSE,FALSE,FALSE,4/2/2020,Species
BARALP,Bartsia,alpina,Bartsia alpina,Bartsia,,alpina,NA,NA,,,kew-2670487,TRUE,1.1,Accepted,Orobanchaceae,Bartsia,,alpina,BARALP,,,L.,kew-2670487,Accepted,FALSE,FALSE,FALSE,4/2/2020,Species
BETGLA,Betula,glandulosa,Betula glandulosa,Betula,,glandulosa,NA,NA,,,kew-21334,TRUE,1.1,Accepted,Betulaceae,Betula,,glandulosa,BETGLA,,,Michx.,kew-21334,Accepted,FALSE,FALSE,FALSE,4/2/2020,Species
BETPAP,Betula,papyrifera,Betula papyrifera,Betula,,papyrifera,NA,NA,,,kew-21557,TRUE,1.1,Accepted,Betulaceae,Betula,,papyrifera,BETPAP,,,Marshall,kew-21557,Accepted,FALSE,FALSE,FALSE,4/2/2020,Species
BETNAN,Betula,nana,Betula nana,Betula,,nana,NA,NA,,,kew-21505,TRUE,1.1,Accepted,Betulaceae,Betula,,nana,BETNAN,,,L.,kew-21505,Accepted,FALSE,FALSE,FALSE,4/2/2020,Species
BRADEC,Brachyscome,decipiens,Brachyscome decipiens,Brachyscome,,decipiens,NA,NA,,,gcc-144539,TRUE,1.1,Accepted,Compositae,Brachyscome,,decipiens,BRADEC,,,Hook.f.,gcc-144539,Accepted,FALSE,FALSE,FALSE,4/2/2020,Species
CALHOL,Calamagrostis,holmii,Calamagrostis holmii,Calamagrostis,,holmii,NA,NA,,,kew-402803,TRUE,1.1,Accepted,Poaceae,Calamagrostis,,holmii,CALHOL,,,Lange,kew-402803,Accepted,FALSE,FALSE,FALSE,4/2/2020,Species
CALLAP,Calamagrostis,lapponica,Calamagrostis lapponica,Calamagrostis,,lapponica,NA,NA,,,kew-402934,TRUE,1.1,Accepted,Poaceae,Calamagrostis,,lapponica,CALLAP,,,(Wahlenb.) Hartm.,kew-402934,Accepted,FALSE,FALSE,FALSE,4/2/2020,Species
CALSTRI,Calamagrostis,stricta,Calamagrostis stricta,Calamagrostis,,stricta,NA,NA,,,kew-403382,TRUE,1.1,Accepted,Poaceae,Calamagrostis,,stricta,CALSTRI,,,(Timm) Koeler,kew-403382,Accepted,FALSE,FALSE,FALSE,4/2/2020,Species
CALLEP,Caltha,leptosepala,Caltha leptosepala,Caltha,,leptosepala,NA,NA,,,kew-2693825,TRUE,1.1,Accepted,Ranunculaceae,Caltha,,leptosepala,CALLEP,,,DC.,kew-2693825,Accepted,FALSE,FALSE,FALSE,4/2/2020,Species
CAMBAR,Campanula,barbata,Campanula barbata,Campanula,,barbata,NA,NA,,,kew-364044,TRUE,1.1,Accepted,Campanulaceae,Campanula,,barbata,CAMBAR,,,L.,kew-364044,Accepted,FALSE,FALSE,FALSE,4/2/2020,Species
CAMGIE,Campanula,gieseckiana,Campanula gieseckiana,Campanula,,gieseckiana,NA,NA,,,tro-5500393,TRUE,1.1,Accepted,Campanulaceae,Campanula,,gieseckeana,CAMGIE,,,Vest,tro-5500393,Accepted,TRUE,FALSE,FALSE,4/2/2020,Species
CAMROT,Campanula,rotundifolia,Campanula rotundifolia,Campanula,,rotundifolia,NA,NA,,,kew-365918,TRUE,1.1,Accepted,Campanulaceae,Campanula,,rotundifolia,CAMROT,,,L.,kew-365918,Accepted,FALSE,FALSE,FALSE,4/2/2020,Species
CAMUNI,Campanula,uniflora,Campanula uniflora,Campanula,,uniflora,NA,NA,,,kew-366631,TRUE,1.1,Accepted,Campanulaceae,Campanula,,uniflora,CAMUNI,,,L.,kew-366631,Accepted,FALSE,FALSE,FALSE,4/2/2020,Species
CARBEL,Cardamine,bellidifolia,Cardamine bellidifolia,Cardamine,,bellidifolia,NA,NA,,,kew-2699485,TRUE,1.1,Accepted,Brassicaceae,Cardamine,,bellidifolia,CARBEL,,,L.,kew-2699485,Accepted,FALSE,FALSE,FALSE,4/2/2020,Species
CARPRA,Cardamine,pratensis,Cardamine pratensis,Cardamine,,pratensis,NA,NA,,,kew-2700274,TRUE,1.1,Accepted,Brassicaceae,Cardamine,,pratensis,CARPRA,,,L.,kew-2700274,Accepted,FALSE,FALSE,FALSE,4/2/2020,Species
CARRES,Cardamine,resedifolia,Cardamine resedifolia,Cardamine,,resedifolia,NA,NA,,,kew-2700370,TRUE,1.1,Accepted,Brassicaceae,Cardamine,,resedifolia,CARRES,,,L.,kew-2700370,Accepted,FALSE,FALSE,FALSE,4/2/2020,Species
CARAQU,Carex,aquatilis,Carex aquatilis,Carex,,aquatilis,NA,NA,,,kew-224563,TRUE,1.1,Accepted,Cyperaceae,Carex,,aquatilis,CARAQU,,,Wahlenb.,kew-224563,Accepted,FALSE,FALSE,FALSE,4/2/2020,Species
CARATRA,Carex,atrata,Carex atrata,Carex,,atrata,NA,NA,,,kew-224723,TRUE,1.1,Accepted,Cyperaceae,Carex,,atrata,CARATRA,,,L.,kew-224723,Accepted,FALSE,FALSE,FALSE,4/2/2020,Species
CARATRO,Carex,atrofusca,Carex atrofusca,Carex,,atrofusca,NA,NA,,,kew-224773,TRUE,1.1,Accepted,Cyperaceae,Carex,,atrofusca,CARATRO,,,Schkuhr,kew-224773,Accepted,FALSE,FALSE,FALSE,4/2/2020,Species
CARBIG,Carex,bigelowii,Carex bigelowii,Carex,,bigelowii,NA,NA,,,kew-224946,TRUE,1.1,Accepted,Cyperaceae,Carex,,bigelowii,CARBIG,,,Torr. ex Schwein.,kew-224946,Accepted,FALSE,FALSE,FALSE,4/2/2020,Species
CARBRU,Carex,brunnescens,Carex brunnescens,Carex,,brunnescens,NA,NA,,,kew-225178,TRUE,1.1,Accepted,Cyperaceae,Carex,,brunnescens,CARBRU,,,(Pers.) Poir.,kew-225178,Accepted,FALSE,FALSE,FALSE,4/2/2020,Species
CARCAPIL,Carex,capillaris,Carex capillaris,Carex,,capillaris,NA,NA,,,kew-225305,TRUE,1.1,Accepted,Cyperaceae,Carex,,capillaris,CARCAPIL,,,L.,kew-225305,Accepted,FALSE,FALSE,FALSE,4/2/2020,Species
CARCUR,Carex,curvula,Carex curvula,Carex,,curvula,NA,NA,,,kew-225819,TRUE,1.1,Accepted,Cyperaceae,Carex,,curvula,CARCUR,,,All.,kew-225819,Accepted,FALSE,FALSE,FALSE,4/2/2020,Species
CARFUL,Carex,fuliginosa,Carex fuliginosa,Carex,,fuliginosa,NA,NA,,,kew-226757,TRUE,1.1,Accepted,Cyperaceae,Carex,,fuliginosa,CARFUL,,,Schkuhr,kew-226757,Accepted,FALSE,FALSE,FALSE,4/2/2020,Species
CARLAC,Carex,lachenalii,Carex lachenalii,Carex,,lachenalii,NA,NA,,,kew-227854,TRUE,1.1,Accepted,Cyperaceae,Carex,,lachenalii,CARLAC,,,Schkuhr,kew-227854,Accepted,FALSE,FALSE,FALSE,4/2/2020,Species
CARMON,Cardamine,montenegrina,Cardamine montenegrina,Cardamine,,montenegrina,NA,NA,,,kew-2899474,TRUE,1.1,Accepted,Brassicaceae,Cardamine,,montenegrina,CARMON,,,"Jar.Kucera, Lihová & Marhold",kew-2899474,Accepted,FALSE,FALSE,FALSE,4/2/2020,Species
CARNOR,Carex,norvegica,Carex norvegica,Carex,,norvegica,NA,NA,,,kew-229087,TRUE,1.1,Accepted,Cyperaceae,Carex,,norvegica,CARNOR,,,Retz.,kew-229087,Accepted,FALSE,FALSE,FALSE,4/2/2020,Species
CARPARV,Carex,parviflora,Carex parviflora,Carex,,parviflora,NA,NA,,,kew-229557,TRUE,1.1,Accepted,Cyperaceae,Carex,,parviflora,CARPARV,,,Host,kew-229557,Accepted,FALSE,FALSE,FALSE,4/2/2020,Species
CARPAR,Carex,parallela,Carex parallela,Carex,,parallela,NA,NA,,,kew-229537,TRUE,1.1,Accepted,Cyperaceae,Carex,,parallela,CARPAR,,,(Laest.) Sommerf.,kew-229537,Accepted,FALSE,FALSE,FALSE,4/2/2020,Species
CARRAR,Carex,rariflora,Carex rariflora,Carex,,rariflora,NA,NA,,,kew-230231,TRUE,1.1,Accepted,Cyperaceae,Carex,,rariflora,CARRAR,,,(Wahlenb.) Sm.,kew-230231,Accepted,FALSE,FALSE,FALSE,4/2/2020,Species
CARROT,Carex,rotundata,Carex rotundata,Carex,,rotundata,NA,NA,,,kew-230488,TRUE,1.1,Accepted,Cyperaceae,Carex,,rotundata,CARROT,,,Wahlenb.,kew-230488,Accepted,FALSE,FALSE,FALSE,4/2/2020,Species
CARRUP,Carex,rupestris,Carex rupestris,Carex,,rupestris,NA,NA,,,kew-230521,TRUE,1.1,Accepted,Cyperaceae,Carex,,rupestris,CARRUP,,,All.,kew-230521,Accepted,FALSE,FALSE,FALSE,4/2/2020,Species
CARSAX,Carex,saxatilis,Carex saxatilis,Carex,,saxatilis,NA,NA,,,kew-230640,TRUE,1.1,Accepted,Cyperaceae,Carex,,saxatilis,CARSAX,,,L.,kew-230640,Accepted,FALSE,FALSE,FALSE,4/2/2020,Species
CARSCO,Carex,scopulorum,Carex scopulorum,Carex,,scopulorum,NA,NA,,,kew-230773,TRUE,1.1,Accepted,Cyperaceae,Carex,,scopulorum,CARSCO,,,Holm,kew-230773,Accepted,FALSE,FALSE,FALSE,4/2/2020,Species
CARSEM,Carex,sempervirens,Carex sempervirens,Carex,,sempervirens,NA,NA,,,kew-230806,TRUE,1.1,Accepted,Cyperaceae,Carex,,sempervirens,CARSEM,,,Vill.,kew-230806,Accepted,FALSE,FALSE,FALSE,4/2/2020,Species
CARSUB,Carex,subspathacea,Carex subspathacea,Carex,,subspathacea,NA,NA,,,kew-231329,TRUE,1.1,Accepted,Cyperaceae,Carex,,subspathacea,CARSUB,,,Wormsk. ex Hornem.,kew-231329,Accepted,FALSE,FALSE,FALSE,4/2/2020,Species
CARSUP,Carex,supina,Carex supina,Carex,,supina,NA,NA,,,kew-231368,TRUE,1.1,Accepted,Cyperaceae,Carex,,supina,CARSUP,,,Willd. ex Wahlenb.,kew-231368,Accepted,FALSE,FALSE,FALSE,4/2/2020,Species
CARVAG,Carex,vaginata,Carex vaginata,Carex,,vaginata,NA,NA,,,kew-231861,TRUE,1.1,Accepted,Cyperaceae,Carex,,vaginata,CARVAG,,,Tausch,kew-231861,Accepted,FALSE,FALSE,FALSE,4/2/2020,Species
CASTET,Cassiope,tetragona,Cassiope tetragona,Cassiope,,tetragona,NA,NA,,,kew-2704413,TRUE,1.1,Accepted,Ericaceae,Cassiope,,tetragona,CASTET,,,(L.) D.Don,kew-2704413,Accepted,FALSE,FALSE,FALSE,4/2/2020,Species
CASHYP,Castilleja,hyperborea,Castilleja hyperborea,Castilleja,,hyperborea,NA,NA,,,kew-2705061,TRUE,1.1,Accepted,Orobanchaceae,Castilleja,,hyperborea,CASHYP,,,Pennell,kew-2705061,Accepted,FALSE,FALSE,FALSE,4/2/2020,Species
CASOCC,Castilleja,occidentalis,Castilleja occidentalis,Castilleja,,occidentalis,NA,NA,,,kew-2705185,TRUE,1.1,Accepted,Orobanchaceae,Castilleja,,occidentalis,CASOCC,,,Torr.,kew-2705185,Accepted,FALSE,FALSE,FALSE,4/2/2020,Species
CELPUG,Celmisia,pugioniformis,Celmisia pugioniformis,Celmisia,,pugioniformis,NA,NA,,,gcc-42612,TRUE,1.1,Accepted,Compositae,Celmisia,,pugioniformis,CELPUG,,,M.Gray & Given,gcc-42612,Accepted,FALSE,FALSE,FALSE,4/2/2020,Species
CERALP,Cerastium,alpinum,Cerastium alpinum,Cerastium,,alpinum,NA,NA,,,kew-2709871,TRUE,1.1,Accepted,Caryophyllaceae,Cerastium,,alpinum,CERALP,,,L.,kew-2709871,Accepted,FALSE,FALSE,FALSE,4/2/2020,Species
CERARC,Cerastium,arcticum,Cerastium arcticum,Cerastium,,arcticum,NA,NA,,,kew-2709929,TRUE,1.1,Accepted,Caryophyllaceae,Cerastium,,arcticum,CERARC,,,Lange,kew-2709929,Accepted,FALSE,FALSE,FALSE,4/2/2020,Species
CERBEE,Cerastium,beeringianum,Cerastium beeringianum,Cerastium,,beeringianum,NA,NA,,,kew-2710055,TRUE,1.1,Accepted,Caryophyllaceae,Cerastium,,beeringianum,CERBEE,,,Cham. & Schltdl.,kew-2710055,Accepted,FALSE,FALSE,FALSE,4/2/2020,Species
CERCER,Cerastium,cerastoides,Cerastium cerastoides,Cerastium,,cerastoides,NA,NA,,,kew-2710156,TRUE,1.1,Accepted,Caryophyllaceae,Cerastium,,cerastoides,CERCER,,,(L.) Britton,kew-2710156,Accepted,FALSE,FALSE,FALSE,4/2/2020,Species
CERGLA,Cerastium,glabratum,Cerastium glabratum,Cerastium,,glabratum,NA,NA,,,kew-2710364,TRUE,1.1,Accepted,Caryophyllaceae,Cerastium,,glabratum,CERGLA,,,Hartm.,kew-2710364,Accepted,FALSE,FALSE,FALSE,4/2/2020,Species
CERUNI,Cerastium,uniflorum,Cerastium uniflorum,Cerastium,,uniflorum,NA,NA,,,kew-2710981,TRUE,1.1,Accepted,Caryophyllaceae,Cerastium,,uniflorum,CERUNI,,,Clairv.,kew-2710981,Accepted,FALSE,FALSE,FALSE,4/2/2020,Species
CHAALP,Chamorchis,alpina,Chamorchis alpina,Chamorchis,,alpina,NA,NA,,,kew-38352,TRUE,1.1,Accepted,Orchidaceae,Chamorchis,,alpina,CHAALP,,,(L.) Rich.,kew-38352,Accepted,FALSE,FALSE,FALSE,4/2/2020,Species
CHIJAM,Chionophila,jamesii,Chionophila jamesii,Chionophila,,jamesii,NA,NA,,,kew-2718382,TRUE,1.1,Accepted,Plantaginaceae,Chionophila,,jamesii,CHIJAM,,,Benth.,kew-2718382,Accepted,FALSE,FALSE,FALSE,4/2/2020,Species
CHRTET,Chrysosplenium,tetrandrum,Chrysosplenium tetrandrum,Chrysosplenium,,tetrandrum,NA,NA,,,kew-2720283,TRUE,1.1,Accepted,Saxifragaceae,Chrysosplenium,,tetrandrum,CHRTET,,,(N.Lund) Th.Fr.,kew-2720283,Accepted,FALSE,FALSE,FALSE,4/2/2020,Species
COCOFF,Cochlearia,officinalis,Cochlearia officinalis,Cochlearia,,officinalis,NA,NA,,,kew-2729901,TRUE,1.1,Accepted,Brassicaceae,Cochlearia,,officinalis,COCOFF,,,L.,kew-2729901,Accepted,FALSE,FALSE,FALSE,4/2/2020,Species
POTPAL,Comarum,palustre,Comarum palustre,Comarum,,palustre,NA,NA,,,rjp-1293,TRUE,1.1,Accepted,Rosaceae,Comarum,,palustre,POTPAL,,,L.,rjp-1293,Accepted,FALSE,FALSE,FALSE,4/2/2020,Species
CRACOO,Craspedia,coolaminica,Craspedia coolaminica,Craspedia,,coolaminica,NA,NA,,,gcc-51155,TRUE,1.1,Accepted,Compositae,Craspedia,,coolaminica,CRACOO,,,J.Everett & Joy Thomps.,gcc-51155,Accepted,FALSE,FALSE,FALSE,4/2/2020,Species
CRAJAM,Craspedia,jamesii,Craspedia jamesii,Craspedia,,jamesii,NA,NA,,,gcc-107529,TRUE,1.1,Accepted,Compositae,Craspedia,,jamesii,CRAJAM,,,J.Everett & Joy Thomps.,gcc-107529,Accepted,FALSE,FALSE,FALSE,4/2/2020,Species
DESFLE,Deschampsia,flexuosa,Deschampsia flexuosa,Deschampsia,,flexuosa,NA,NA,,,kew-407693,TRUE,1.1,Accepted,Poaceae,Deschampsia,,flexuosa,DESFLE,,,(L.) Trin.,kew-407693,Accepted,FALSE,FALSE,FALSE,4/2/2020,Species
DIALAP,Diapensia,lapponica,Diapensia lapponica,Diapensia,,lapponica,NA,NA,,,kew-2765262,TRUE,1.1,Accepted,Diapensiaceae,Diapensia,,lapponica,DIALAP,,,L.,kew-2765262,Accepted,FALSE,FALSE,FALSE,4/2/2020,Species
DODPUL,Dodecatheon,pulchellum,Dodecatheon pulchellum,Dodecatheon,,pulchellum,NA,NA,,,kew-2773779,TRUE,1.1,Accepted,Primulaceae,Dodecatheon,,pulchellum,DODPUL,,,(Raf.) Merr.,kew-2773779,Accepted,FALSE,FALSE,FALSE,4/2/2020,Species
DORCLU,Doronicum,clusii,Doronicum clusii,Doronicum,,clusii,NA,NA,,,gcc-30150,TRUE,1.1,Accepted,Compositae,Doronicum,,clusii,DORCLU,,,(All.) Tausch,gcc-30150,Accepted,FALSE,FALSE,FALSE,4/2/2020,Species
DRACAN,Draba,cana,Draba cana,Draba,,cana,NA,NA,,,kew-2776398,TRUE,1.1,Accepted,Brassicaceae,Draba,,cana,DRACAN,,,Rydb.,kew-2776398,Accepted,FALSE,FALSE,FALSE,4/2/2020,Species
DRADAU,Draba,daurica,Draba daurica,Draba,,daurica,NA,NA,,,kew-2776528,TRUE,1.1,Accepted,Brassicaceae,Draba,,daurica,DRADAU,,,DC.,kew-2776528,Accepted,FALSE,FALSE,FALSE,4/2/2020,Species
DRAFLA,Draba,fladnizensis,Draba fladnizensis,Draba,,fladnizensis,NA,NA,,,kew-2776609,TRUE,1.1,Accepted,Brassicaceae,Draba,,fladnizensis,DRAFLA,,,Wulfen,kew-2776609,Accepted,FALSE,FALSE,FALSE,4/2/2020,Species
DRALAC,Draba,lactea,Draba lactea,Draba,,lactea,NA,NA,,,kew-2776855,TRUE,1.1,Accepted,Brassicaceae,Draba,,lactea,DRALAC,,,Adams,kew-2776855,Accepted,FALSE,FALSE,FALSE,4/2/2020,Species
DRAMIC,Draba,micropetala,Draba micropetala,Draba,,micropetala,NA,NA,,,kew-2776991,TRUE,1.1,Accepted,Brassicaceae,Draba,,micropetala,DRAMIC,,,Hook.,kew-2776991,Accepted,FALSE,FALSE,FALSE,4/2/2020,Species
DRANIV,Draba,nivalis,Draba nivalis,Draba,,nivalis,NA,NA,,,kew-2777052,TRUE,1.1,Accepted,Brassicaceae,Draba,,nivalis,DRANIV,,,Lilj.,kew-2777052,Accepted,FALSE,FALSE,FALSE,4/2/2020,Species
DRYINT,Dryas,integrifolia,Dryas integrifolia,Dryas,,integrifolia,NA,NA,,,rjp-5504,TRUE,1.1,Accepted,Rosaceae,Dryas,,integrifolia,DRYINT,,,Vahl,rjp-5504,Accepted,FALSE,FALSE,FALSE,4/2/2020,Species
DRYOCT,Dryas,octopetala,Dryas octopetala,Dryas,,octopetala,NA,NA,,,rjp-26,TRUE,1.1,Accepted,Rosaceae,Dryas,,octopetala,DRYOCT,,,L.,rjp-26,Accepted,FALSE,FALSE,FALSE,4/2/2020,Species
DUPFIS,Dupontia,fisheri,Dupontia fisheri,Dupontia,,fisheri,NA,NA,,,kew-410096,TRUE,1.1,Accepted,Poaceae,Dupontia,,fisheri,DUPFIS,,,R.Br.,kew-410096,Accepted,FALSE,FALSE,FALSE,4/2/2020,Species
EMPNIG,Empetrum,nigrum,Empetrum nigrum,Empetrum,,nigrum,NA,NA,,,kew-2788473,TRUE,1.1,Accepted,Ericaceae,Empetrum,,nigrum,EMPNIG,,,L.,kew-2788473,Accepted,FALSE,FALSE,FALSE,4/2/2020,Species
EPIANA,Epilobium,anagallidifolium,Epilobium anagallidifolium,Epilobium,,anagallidifolium,NA,NA,,,kew-2790101,TRUE,1.1,Accepted,Onagraceae,Epilobium,,anagallidifolium,EPIANA,,,Lam.,kew-2790101,Accepted,FALSE,FALSE,FALSE,4/2/2020,Species
ERIUNI,Equisetum,arvense,Equisetum arvense,Equisetum,,arvense,NA,NA,,,tro-26602003,TRUE,1.1,Accepted,Equisetaceae,Equisetum,,arvense,ERIUNI,,,L.,tro-26602003,Accepted,FALSE,FALSE,FALSE,4/2/2020,Species
EQUARV,Erigeron,uniflorus,Erigeron uniflorus,Erigeron,,uniflorus,NA,NA,,,gcc-101356,TRUE,1.1,Accepted,Compositae,Erigeron,,uniflorus,EQUARV,,,L.,gcc-101356,Accepted,FALSE,FALSE,FALSE,4/2/2020,Species
ERIANG,Eriophorum,angustifolium,Eriophorum angustifolium,Eriophorum,,angustifolium,NA,NA,,,kew-244512,TRUE,1.1,Accepted,Cyperaceae,Eriophorum,,angustifolium,ERIANG,,,Honck.,kew-244512,Accepted,FALSE,FALSE,FALSE,4/2/2020,Species
ERISCH,Eriophorum,scheuchzeri,Eriophorum scheuchzeri,Eriophorum,,scheuchzeri,NA,NA,,,kew-244598,TRUE,1.1,Accepted,Cyperaceae,Eriophorum,,scheuchzeri,ERISCH,,,Hoppe,kew-244598,Accepted,FALSE,FALSE,FALSE,4/2/2020,Species
ERIVAG,Eriophorum,vaginatum,Eriophorum vaginatum,Eriophorum,,vaginatum,NA,NA,,,kew-244613,TRUE,1.1,Accepted,Cyperaceae,Eriophorum,,vaginatum,ERIVAG,,,L.,kew-244613,Accepted,FALSE,FALSE,FALSE,4/2/2020,Species
EUPFRI,Euphrasia,frigida,Euphrasia frigida,Euphrasia,,frigida,NA,NA,,,tro-29204626,TRUE,1.1,Accepted,Orobanchaceae,Euphrasia,,frigida,EUPFRI,,,Pugsley,tro-29204626,Accepted,FALSE,FALSE,FALSE,4/2/2020,Species
FESBRA,Festuca,brachyphylla,Festuca brachyphylla,Festuca,,brachyphylla,NA,NA,,,kew-414636,TRUE,1.1,Accepted,Poaceae,Festuca,,brachyphylla,FESBRA,,,Schult. & Schult.f.,kew-414636,Accepted,FALSE,FALSE,FALSE,4/2/2020,Species
FESHAL,Festuca,halleri,Festuca halleri,Festuca,,halleri,NA,NA,,,kew-415330,TRUE,1.1,Accepted,Poaceae,Festuca,,halleri,FESHAL,,,All.,kew-415330,Accepted,FALSE,FALSE,FALSE,4/2/2020,Species
FESOVI,Festuca,ovina,Festuca ovina,Festuca,,ovina,NA,NA,,,kew-415853,TRUE,1.1,Accepted,Poaceae,Festuca,,ovina,FESOVI,,,L.,kew-415853,Accepted,FALSE,FALSE,FALSE,4/2/2020,Species
FESVIV,Festuca,vivipara,Festuca vivipara,Festuca,,vivipara,NA,NA,,,kew-417190,TRUE,1.1,Accepted,Poaceae,Festuca,,vivipara,FESVIV,,,(L.) Sm.,kew-417190,Accepted,FALSE,FALSE,FALSE,4/2/2020,Species
GENNIV,Gentiana,nivalis,Gentiana nivalis,Gentiana,,nivalis,NA,NA,,,kew-2821030,TRUE,1.1,Accepted,Gentianaceae,Gentiana,,nivalis,GENNIV,,,L.,kew-2821030,Accepted,FALSE,FALSE,FALSE,4/2/2020,Species
GENACA,Gentiana ,acaulis,Gentiana  acaulis,Gentiana,,acaulis,NA,NA,,,kew-2819808,TRUE,1.1,Accepted,Gentianaceae,Gentiana,,acaulis,GENACA,,,L.,kew-2819808,Accepted,FALSE,FALSE,FALSE,4/2/2020,Species
GENAMA,Gentianella,amarella,Gentianella amarella,Gentianella,,amarella,NA,NA,,,kew-2821885,TRUE,1.1,Accepted,Gentianaceae,Gentianella,,amarella,GENAMA,,,(L.) Harry Sm.,kew-2821885,Accepted,FALSE,FALSE,FALSE,4/2/2020,Species
GERSYL,Geranium,sylvaticum,Geranium sylvaticum,Geranium,,sylvaticum,NA,NA,,,kew-2824138,TRUE,1.1,Accepted,Geraniaceae,Geranium,,sylvaticum,GERSYL,,,L.,kew-2824138,Accepted,FALSE,FALSE,FALSE,4/2/2020,Species
GEUREP,Geum,reptans,Geum reptans,Geum,,reptans,NA,NA,,,rjp-1359,TRUE,1.1,Accepted,Rosaceae,Geum,,reptans,GEUREP,,,L.,rjp-1359,Accepted,FALSE,FALSE,FALSE,4/2/2020,Species
GNANOR,Gnaphalium,norvegicum,Gnaphalium norvegicum,Gnaphalium,,norvegicum,NA,NA,,,gcc-94096,TRUE,1.1,Accepted,Compositae,Gnaphalium,,norvegicum,GNANOR,,,Gunnerus,gcc-94096,Accepted,FALSE,FALSE,FALSE,4/2/2020,Species
GNASUP,Gnaphalium,supinum,Gnaphalium supinum,Gnaphalium,,supinum,NA,NA,,,gcc-16130,TRUE,1.1,Accepted,Compositae,Gnaphalium,,supinum,GNASUP,,,L.,gcc-16130,Accepted,FALSE,FALSE,FALSE,4/2/2020,Species
HIEALP,Hieracium,alpinum,Hieracium alpinum,Hieracium,,alpinum,NA,NA,,,gcc-29380,TRUE,1.1,Accepted,Compositae,Hieracium,,alpinum,HIEALP,,,L.,gcc-29380,Accepted,FALSE,FALSE,FALSE,4/2/2020,Species
HIEBUP,Hieracium,bupleuroides,Hieracium bupleuroides,Hieracium,,bupleuroides,NA,NA,,,gcc-119230,TRUE,1.1,Accepted,Compositae,Hieracium,,bupleuroides,HIEBUP,,,bellarf. ex Willd.,gcc-119230,Accepted,FALSE,FALSE,FALSE,4/2/2020,Species
HIEALPINA,Hierochloe,alpina,Hierochloe alpina,Hierochloe,,alpina,NA,NA,,,kew-418805,TRUE,1.1,Accepted,Poaceae,Hierochloe,,alpina,HIEALPINA,,,(Sw.) Roem. & Schult.,kew-418805,Accepted,FALSE,FALSE,FALSE,4/2/2020,Species
HIEPAU,Hierochloe,pauciflora,Hierochloe pauciflora,Hierochloe,,pauciflora,NA,NA,,,kew-418908,TRUE,1.1,Accepted,Poaceae,Hierochloe,,pauciflora,HIEPAU,,,R.Br.,kew-418908,Accepted,FALSE,FALSE,FALSE,4/2/2020,Species
HOMALP,Homogyne,alpina,Homogyne alpina,Homogyne,,alpina,NA,NA,,,gcc-26056,TRUE,1.1,Accepted,Compositae,Homogyne,,alpina,HOMALP,,,(L.) Cass.,gcc-26056,Accepted,FALSE,FALSE,FALSE,4/2/2020,Species
JUNBIG,Juncus,biglumis,Juncus biglumis,Juncus,,biglumis,NA,NA,,,kew-314533,TRUE,1.1,Accepted,Juncaceae,Juncus,,biglumis,JUNBIG,,,L.,kew-314533,Accepted,FALSE,FALSE,FALSE,4/2/2020,Species
JUNTRIF,Juncus,trifidus,Juncus trifidus,Juncus,,trifidus,NA,NA,,,kew-316015,TRUE,1.1,Accepted,Juncaceae,Juncus,,trifidus,JUNTRIF,,,L.,kew-316015,Accepted,FALSE,FALSE,FALSE,4/2/2020,Species
JUNTRIG,Juncus,triglumis,Juncus triglumis,Juncus,,triglumis,NA,NA,,,kew-316034,TRUE,1.1,Accepted,Juncaceae,Juncus,,triglumis,JUNTRIG,,,L.,kew-316034,Accepted,FALSE,FALSE,FALSE,4/2/2020,Species
KOBMYO,Kobresia,myosuroides,Kobresia myosuroides,Kobresia,,myosuroides,NA,NA,,,kew-251042,TRUE,1.1,Accepted,Cyperaceae,Kobresia,,myosuroides,KOBMYO,,,(Vill.) Fiori,kew-251042,Accepted,FALSE,FALSE,FALSE,4/2/2020,Species
KOEMAC,Koeleria ,macrantha,Koeleria  macrantha,Koeleria,,macrantha,NA,NA,,,kew-421574,TRUE,1.1,Accepted,Poaceae,Koeleria,,macrantha,KOEMAC,,,(Ledeb.) Schult.,kew-421574,Accepted,FALSE,FALSE,FALSE,4/2/2020,Species
LEDDEC,Ledum,decumbens,Ledum decumbens,Ledum,,decumbens,NA,NA,,,tro-12300073,TRUE,1.1,Accepted,Ericaceae,Ledum,,decumbens,LEDDEC,,,Small,tro-12300073,Accepted,FALSE,FALSE,FALSE,4/2/2020,Species
LEDPAL,Ledum,palustre,Ledum palustre,Ledum,,palustre,NA,NA,,,kew-2349893,TRUE,1.1,Accepted,Ericaceae,Ledum,,palustre,LEDPAL,,,L.,kew-2349893,Accepted,FALSE,FALSE,FALSE,4/2/2020,Species
LEUALP,Leucanthemopsis,alpina,Leucanthemopsis alpina,Leucanthemopsis,,alpina,NA,NA,,,gcc-8447,TRUE,1.1,Accepted,Compositae,Leucanthemopsis,,alpina,LEUALP,,,(L.) Heywood,gcc-8447,Accepted,FALSE,FALSE,FALSE,4/2/2020,Species
LEUHAL,Leucanthemum,halleri,Leucanthemum halleri,Leucanthemum,,halleri,NA,NA,,,gcc-141388,TRUE,1.1,Accepted,Compositae,Leucanthemum,,halleri,LEUHAL,,,Ducommun,gcc-141388,Accepted,FALSE,FALSE,FALSE,4/2/2020,Species
LEWPYG,Lewisia,pygmaea,Lewisia pygmaea,Lewisia,,pygmaea,NA,NA,,,tro-26200122,TRUE,1.1,Accepted,Montiaceae,Lewisia,,pygmaea,LEWPYG,,,(A. Gray) B.L. Rob.,tro-26200122,Accepted,FALSE,FALSE,FALSE,4/2/2020,Species
LOIPRO,Loiseleuria,procumbens,Loiseleuria procumbens,Loiseleuria,,procumbens,NA,NA,,,kew-2337993,TRUE,1.1,Accepted,Ericaceae,Loiseleuria,,procumbens,LOIPRO,,,(L.) Loisel.,kew-2337993,Accepted,FALSE,FALSE,FALSE,4/2/2020,Species
LUZALP,Luzula,alpinopilosa,Luzula alpinopilosa,Luzula,,alpinopilosa,NA,NA,,,kew-316150,TRUE,1.1,Accepted,Juncaceae,Luzula,,alpinopilosa,LUZALP,,,(Chaix) Breistr.,kew-316150,Accepted,FALSE,FALSE,FALSE,4/2/2020,Species
LUZARCUAT,Luzula,arcuata,Luzula arcuata,Luzula,,arcuata,NA,NA,,,kew-316168,TRUE,1.1,Accepted,Juncaceae,Luzula,,arcuata,LUZARCUAT,,,(Wahlenb.) Sw.,kew-316168,Accepted,FALSE,FALSE,FALSE,4/2/2020,Species
LUZARCUATCON,Luzula,arcuata ssp. Confusa,Luzula arcuata ssp. Confusa,Luzula,,arcuata,NA,ssp.,,Confusa,kew-316168,TRUE,1.1,Accepted,Juncaceae,Luzula,,arcuata,LUZARCUATCON,,,(Wahlenb.) Sw.,kew-316168,Accepted,FALSE,FALSE,FALSE,4/2/2020,Species
LUZCON,Luzula,confusa,Luzula confusa,Luzula,,confusa,NA,NA,,,kew-316319,TRUE,1.1,Accepted,Juncaceae,Luzula,,confusa,LUZCON,,,Lindeb.,kew-316319,Accepted,FALSE,FALSE,FALSE,4/2/2020,Species
LUZLUT,Luzula,lutea,Luzula lutea,Luzula,,lutea,NA,NA,,,kew-316449,TRUE,1.1,Accepted,Juncaceae,Luzula,,lutea,LUZLUT,,,(All.) DC.,kew-316449,Accepted,FALSE,FALSE,FALSE,4/2/2020,Species
LUZMOD,Luzula,modesta,Luzula modesta,Luzula,,modesta,NA,NA,,,kew-316483,TRUE,1.1,Accepted,Juncaceae,Luzula,,modesta,LUZMOD,,,Buchenau,kew-316483,Accepted,FALSE,FALSE,FALSE,4/2/2020,Species
LUZMULT,Luzula,multiflora,Luzula multiflora,Luzula,,multiflora,NA,NA,,,kew-316484,TRUE,1.1,Accepted,Juncaceae,Luzula,,multiflora,LUZMULT,,,(Ehrh.) Lej.,kew-316484,Accepted,FALSE,FALSE,FALSE,4/2/2020,Species
LUZPAR,Luzula,parviflora,Luzula parviflora,Luzula,,parviflora,NA,NA,,,kew-316588,TRUE,1.1,Accepted,Juncaceae,Luzula,,parviflora,LUZPAR,,,(Ehrh.) Desv.,kew-316588,Accepted,FALSE,FALSE,FALSE,4/2/2020,Species
LUZSPI,Luzula,spicata,Luzula spicata,Luzula,,spicata,NA,NA,,,kew-316703,TRUE,1.1,Accepted,Juncaceae,Luzula,,spicata,LUZSPI,,,(L.) DC.,kew-316703,Accepted,FALSE,FALSE,FALSE,4/2/2020,Species
LUZSUD,Luzula,sudetica,Luzula sudetica,Luzula,,sudetica,NA,NA,,,kew-316741,TRUE,1.1,Accepted,Juncaceae,Luzula,,sudetica,LUZSUD,,,(Willd.) Schult.,kew-316741,Accepted,FALSE,FALSE,FALSE,4/2/2020,Species
LUZWAH,Luzula,wahlenbergii,Luzula wahlenbergii,Luzula,,wahlenbergii,NA,NA,,,kew-316789,TRUE,1.1,Accepted,Juncaceae,Luzula,,wahlenbergii,LUZWAH,,,Rupr.,kew-316789,Accepted,FALSE,FALSE,FALSE,4/2/2020,Species
MERLAN,Mertensia,lanceolata,Mertensia lanceolata,Mertensia,,lanceolata,NA,NA,,,tro-4001005,TRUE,1.1,Accepted,Boraginaceae,Mertensia,,lanceolata,MERLAN,,,(Pursh) DC. ex A. DC.,tro-4001005,Accepted,FALSE,FALSE,FALSE,4/2/2020,Species
MINBIF,Minuartia,biflora,Minuartia biflora,Minuartia,,biflora,NA,NA,,,kew-2370885,TRUE,1.1,Accepted,Caryophyllaceae,Minuartia,,biflora,MINBIF,,,(L.) Schinz & Thell.,kew-2370885,Accepted,FALSE,FALSE,FALSE,4/2/2020,Species
MINOBT,Minuartia,obtusiloba,Minuartia obtusiloba,Minuartia,,obtusiloba,NA,NA,,,tro-6300162,TRUE,1.1,Accepted,Caryophyllaceae,Minuartia,,obtusiloba,MINOBT,,,(Rydb.) House,tro-6300162,Accepted,FALSE,FALSE,FALSE,4/2/2020,Species
MINRUB,Minuartia,rubella,Minuartia rubella,Minuartia,,rubella,NA,NA,,,kew-2369666,TRUE,1.1,Accepted,Caryophyllaceae,Minuartia,,rubella,MINRUB,,,(Wahlenb.) Hiern,kew-2369666,Accepted,FALSE,FALSE,FALSE,4/2/2020,Species
MINSTR,Minuartia,stricta,Minuartia stricta,Minuartia,,stricta,NA,NA,,,kew-2369672,TRUE,1.1,Accepted,Caryophyllaceae,Minuartia,,stricta,MINSTR,,,(Sw.) Hiern,kew-2369672,Accepted,FALSE,FALSE,FALSE,4/2/2020,Species
NARSTR,Nardus,stricta,Nardus stricta,Nardus,,stricta,NA,NA,,,kew-425445,TRUE,1.1,Accepted,Poaceae,Nardus,,stricta,NARSTR,,,L.,kew-425445,Accepted,FALSE,FALSE,FALSE,4/2/2020,Species
OXYDIG,Oxyria,digyna,Oxyria digyna,Oxyria,,digyna,NA,NA,,,kew-2396529,TRUE,1.1,Accepted,Polygonaceae,Oxyria,,digyna,OXYDIG,,,(L.) Hill,kew-2396529,Accepted,FALSE,FALSE,FALSE,4/2/2020,Species
OXYLAP,Oxytropis,lapponica,Oxytropis lapponica,Oxytropis,,lapponica,NA,NA,,,ild-8982,TRUE,1.1,Accepted,Leguminosae,Oxytropis,,lapponica,OXYLAP,,,(Wahlenb.) Gay,ild-8982,Accepted,FALSE,FALSE,FALSE,4/2/2020,Species
OXYNIG,Oxytropis,nigrescens,Oxytropis nigrescens,Oxytropis,,nigrescens,NA,NA,,,ild-20270,TRUE,1.1,Accepted,Leguminosae,Oxytropis,,nigrescens,OXYNIG,,,(Pall.) DC.,ild-20270,Accepted,FALSE,FALSE,FALSE,4/2/2020,Species
PAPLAP,Papaver,lapponicum,Papaver lapponicum,Papaver,,lapponicum,NA,NA,,,kew-2560739,TRUE,1.1,Accepted,Papaveraceae,Papaver,,lapponicum,PAPLAP,,,(Tolm.) Nordh.,kew-2560739,Accepted,FALSE,FALSE,FALSE,4/2/2020,Species
PAPRAD,Papaver,radicatum,Papaver radicatum,Papaver,,radicatum,NA,NA,,,kew-2561557,TRUE,1.1,Accepted,Papaveraceae,Papaver,,radicatum,PAPRAD,,,Rottb.,kew-2561557,Accepted,FALSE,FALSE,FALSE,4/2/2020,Species
PARPAL,Parnassia,palustris,Parnassia palustris,Parnassia,,palustris,NA,NA,,,kew-2559858,TRUE,1.1,Accepted,Celastraceae,Parnassia,,palustris,PARPAL,,,L.,kew-2559858,Accepted,FALSE,FALSE,FALSE,4/2/2020,Species
PEDDES,Pedicularis,desyantha,Pedicularis desyantha,Pedicularis,,desyantha,NA,NA,,,kew-2542142,TRUE,1.1,Accepted,Orobanchaceae,Pedicularis,,dasyantha,PEDDES,,,Hadac,kew-2542142,Accepted,TRUE,FALSE,FALSE,4/2/2020,Species
PEDGRO,Pedicularis,groenlandica,Pedicularis groenlandica,Pedicularis,,groenlandica,NA,NA,,,tro-29200143,TRUE,1.1,Accepted,Orobanchaceae,Pedicularis,,groenlandica,PEDGRO,,,Retz.,tro-29200143,Accepted,FALSE,FALSE,FALSE,4/2/2020,Species
PEDHIR,Pedicularis,hirsuta,Pedicularis hirsuta,Pedicularis,,hirsuta,NA,NA,,,kew-2542741,TRUE,1.1,Accepted,Orobanchaceae,Pedicularis,,hirsuta,PEDHIR,,,L.,kew-2542741,Accepted,FALSE,FALSE,FALSE,4/2/2020,Species
PEDLAP,Pedicularis,lapponica,Pedicularis lapponica,Pedicularis,,lapponica,NA,NA,,,kew-2542999,TRUE,1.1,Accepted,Orobanchaceae,Pedicularis,,lapponica,PEDLAP,,,L.,kew-2542999,Accepted,FALSE,FALSE,FALSE,4/2/2020,Species
PEDSUD,Pedicularis,sudetica,Pedicularis sudetica,Pedicularis,,sudetica,NA,NA,,,kew-2550238,TRUE,1.1,Accepted,Orobanchaceae,Pedicularis,,sudetica,PEDSUD,,,Willd.,kew-2550238,Accepted,FALSE,FALSE,FALSE,4/2/2020,Species
PEDVER,Pedicularis,verticillata,Pedicularis verticillata,Pedicularis,,verticillata,NA,NA,,,kew-2550375,TRUE,1.1,Accepted,Orobanchaceae,Pedicularis,,verticillata,PEDVER,,,L.,kew-2550375,Accepted,FALSE,FALSE,FALSE,4/2/2020,Species
PETFRI,Petasites,frigidus,Petasites frigidus,Petasites,,frigidus,NA,NA,,,gcc-87800,TRUE,1.1,Accepted,Compositae,Petasites,,frigidus,PETFRI,,,(L.) Fr.,gcc-87800,Accepted,FALSE,FALSE,FALSE,4/2/2020,Species
PHIALG,Phippsia,algida,Phippsia algida,Phippsia,,algida,NA,NA,,,kew-433650,TRUE,1.1,Accepted,Poaceae,Phippsia,,algida,PHIALG,,,(Sol.) R.Br.,kew-433650,Accepted,FALSE,FALSE,FALSE,4/2/2020,Species
PHYCOE,Phyllodoce,coerulea,Phyllodoce coerulea,Phyllodoce,,coerulea,NA,NA,,,kew-2410042,TRUE,1.1,Accepted,Ericaceae,Phyllodoce,,caerulea,PHYCOE,,,(L.) Bab.,kew-2410042,Accepted,TRUE,FALSE,FALSE,4/2/2020,Species
PICGLA,Picea,glauca,Picea glauca,Picea,,glauca,NA,NA,,,kew-2563473,TRUE,1.1,Accepted,Pinaceae,Picea,,glauca,PICGLA,,,(Moench) Voss,kew-2563473,Accepted,FALSE,FALSE,FALSE,4/2/2020,Species
PICMAR,Picea,mariana,Picea mariana,Picea,,mariana,NA,NA,,,kew-2563398,TRUE,1.1,Accepted,Pinaceae,Picea,,mariana,PICMAR,,,"(Mill.) Britton, Sterns & Poggenb.",kew-2563398,Accepted,FALSE,FALSE,FALSE,4/2/2020,Species
PIMALP,Pimelea,alpina,Pimelea alpina,Pimelea,,alpina,NA,NA,,,tro-50318620,TRUE,1.1,Accepted,Thymelaeaceae,Pimelea,,alpina,PIMALP,,,F. Muell. ex Meisn.,tro-50318620,Accepted,FALSE,FALSE,FALSE,4/2/2020,Species
PINALP,Pinguicula,alpina,Pinguicula alpina,Pinguicula,,alpina,NA,NA,,,kew-2537533,TRUE,1.1,Accepted,Lentibulariaceae,Pinguicula,,alpina,PINALP,,,L.,kew-2537533,Accepted,FALSE,FALSE,FALSE,4/2/2020,Species
PINVUL,Pinguicula,vulgaris,Pinguicula vulgaris,Pinguicula,,vulgaris,NA,NA,,,kew-2537397,TRUE,1.1,Accepted,Lentibulariaceae,Pinguicula,,vulgaris,PINVUL,,,L.,kew-2537397,Accepted,FALSE,FALSE,FALSE,4/2/2020,Species
POAALP,Poa,alpina,Poa alpina,Poa,,alpina,NA,NA,,,kew-435085,TRUE,1.1,Accepted,Poaceae,Poa,,alpina,POAALP,,,L.,kew-435085,Accepted,FALSE,FALSE,FALSE,4/2/2020,Species
POAARC,Poa,arctica,Poa arctica,Poa,,arctica,NA,NA,,,kew-435235,TRUE,1.1,Accepted,Poaceae,Poa,,arctica,POAARC,,,R.Br.,kew-435235,Accepted,FALSE,FALSE,FALSE,4/2/2020,Species
POAGLA,Poa,glauca,Poa glauca,Poa,,glauca,NA,NA,,,kew-435996,TRUE,1.1,Accepted,Poaceae,Poa,,glauca,POAGLA,,,Vahl,kew-435996,Accepted,FALSE,FALSE,FALSE,4/2/2020,Species
POAHIE,Poa,hiemata,Poa hiemata,Poa,,hiemata,NA,NA,,,kew-436113,TRUE,1.1,Accepted,Poaceae,Poa,,hiemata,POAHIE,,,Vickery,kew-436113,Accepted,FALSE,FALSE,FALSE,4/2/2020,Species
POAPRA,Poa,pratensis,Poa pratensis,Poa,,pratensis,NA,NA,,,kew-436906,TRUE,1.1,Accepted,Poaceae,Poa,,pratensis,POAPRA,,,L.,kew-436906,Accepted,FALSE,FALSE,FALSE,4/2/2020,Species
POPBAL,Populus,balsamifera,Populus balsamifera,Populus,,balsamifera,NA,NA,,,kew-5000130,TRUE,1.1,Accepted,Salicaceae,Populus,,balsamifera,POPBAL,,,L.,kew-5000130,Accepted,FALSE,FALSE,FALSE,4/2/2020,Species
POPTRE,Populus,tremuloides,Populus tremuloides,Populus,,tremuloides,NA,NA,,,kew-5000290,TRUE,1.1,Accepted,Salicaceae,Populus,,tremuloides,POPTRE,,,Michx.,kew-5000290,Accepted,FALSE,FALSE,FALSE,4/2/2020,Species
POTAUR,Potentilla,aurea,Potentilla aurea,Potentilla,,aurea,NA,NA,,,rjp-3220,TRUE,1.1,Accepted,Rosaceae,Potentilla,,aurea,POTAUR,,,L.,rjp-3220,Accepted,FALSE,FALSE,FALSE,4/2/2020,Species
POTCRA,Potentilla,crantzii,Potentilla crantzii,Potentilla,,crantzii,NA,NA,,,rjp-19,TRUE,1.1,Accepted,Rosaceae,Potentilla,,crantzii,POTCRA,,,(Crantz) Beck ex Fritsch,rjp-19,Accepted,FALSE,FALSE,FALSE,4/2/2020,Species
POTHOO,Potentilla,hookeriana,Potentilla hookeriana,Potentilla,,hookeriana,NA,NA,,,rjp-3795,TRUE,1.1,Accepted,Rosaceae,Potentilla,,hookeriana,POTHOO,,,Lehm.,rjp-3795,Accepted,FALSE,FALSE,FALSE,4/2/2020,Species
POTHYP,Potentilla,hyparctica,Potentilla hyparctica,Potentilla,,hyparctica,NA,NA,,,rjp-3938,TRUE,1.1,Accepted,Rosaceae,Potentilla,,hyparctica,POTHYP,,,Malte,rjp-3938,Accepted,FALSE,FALSE,FALSE,4/2/2020,Species
POTNIV,Potentilla,nivea,Potentilla nivea,Potentilla,,nivea,NA,NA,,,rjp-3807,TRUE,1.1,Accepted,Rosaceae,Potentilla,,nivea,POTNIV,,,L.,rjp-3807,Accepted,FALSE,FALSE,FALSE,4/2/2020,Species
PRIINT,Primula,integrifolia,Primula integrifolia,Primula,,integrifolia,NA,NA,,,kew-2565564,TRUE,1.1,Accepted,Primulaceae,Primula,,integrifolia,PRIINT,,,L.,kew-2565564,Accepted,FALSE,FALSE,FALSE,4/2/2020,Species
PYRGRA,Pyrola,grandiflora,Pyrola grandiflora,Pyrola,,grandiflora,NA,NA,,,kew-2410817,TRUE,1.1,Accepted,Ericaceae,Pyrola,,grandiflora,PYRGRA,,,Radius,kew-2410817,Accepted,FALSE,FALSE,FALSE,4/2/2020,Species
PYRMIN,Pyrola,minor,Pyrola minor,Pyrola,,minor,NA,NA,,,kew-2410543,TRUE,1.1,Accepted,Ericaceae,Pyrola,,minor,PYRMIN,,,L.,kew-2410543,Accepted,FALSE,FALSE,FALSE,4/2/2020,Species
RANACR,Ranunculus,acris,Ranunculus acris,Ranunculus,,acris,NA,NA,,,kew-2524461,TRUE,1.1,Accepted,Ranunculaceae,Ranunculus,,acris,RANACR,,,L.,kew-2524461,Accepted,FALSE,FALSE,FALSE,4/2/2020,Species
RANNIV,Ranunculus,nivalis,Ranunculus nivalis,Ranunculus,,nivalis,NA,NA,,,kew-2526187,TRUE,1.1,Accepted,Ranunculaceae,Ranunculus,,nivalis,RANNIV,,,L.,kew-2526187,Accepted,FALSE,FALSE,FALSE,4/2/2020,Species
RANPYG,Ranunculus,pygmaeus,Ranunculus pygmaeus,Ranunculus,,pygmaeus,NA,NA,,,kew-2524440,TRUE,1.1,Accepted,Ranunculaceae,Ranunculus,,pygmaeus,RANPYG,,,Wahlenb.,kew-2524440,Accepted,FALSE,FALSE,FALSE,4/2/2020,Species
RHOINT,Rhodiola,integrifolia,Rhodiola integrifolia,Rhodiola,,integrifolia,NA,NA,,,tro-8901391,TRUE,1.1,Accepted,Crassulaceae,Rhodiola,,integrifolia,RHOINT,,,Raf.,tro-8901391,Accepted,FALSE,FALSE,FALSE,4/2/2020,Species
RHOFER,Rhododendron,ferrugineum,Rhododendron ferrugineum,Rhododendron,,ferrugineum,NA,NA,,,kew-2419736,TRUE,1.1,Accepted,Ericaceae,Rhododendron,,ferrugineum,RHOFER,,,L.,kew-2419736,Accepted,FALSE,FALSE,FALSE,4/2/2020,Species
RHOLAP,Rhododendron,lapponicum,Rhododendron lapponicum,Rhododendron,,lapponicum,NA,NA,,,kew-2417964,TRUE,1.1,Accepted,Ericaceae,Rhododendron,,lapponicum,RHOLAP,,,(L.) Wahlenb.,kew-2417964,Accepted,FALSE,FALSE,FALSE,4/2/2020,Species
RUBCHA,Rubus,chamaemorus,Rubus chamaemorus,Rubus,,chamaemorus,NA,NA,,,rjp-6,TRUE,1.1,Accepted,Rosaceae,Rubus,,chamaemorus,RUBCHA,,,L.,rjp-6,Accepted,FALSE,FALSE,FALSE,4/2/2020,Species
RUMACE,Rumex,acetosa,Rumex acetosa,Rumex,,acetosa,NA,NA,,,kew-2424198,TRUE,1.1,Accepted,Polygonaceae,Rumex,,acetosa,RUMACE,,,L.,kew-2424198,Accepted,FALSE,FALSE,FALSE,4/2/2020,Species
RYTNUD,Rytidosperma,nudiflorum,Rytidosperma nudiflorum,Rytidosperma,,nudiflorum,NA,NA,,,kew-439796,TRUE,1.1,Accepted,Poaceae,Rytidosperma,,nudiflorum,RYTNUD,,,(P.Morris) Connor & Edgar,kew-439796,Accepted,FALSE,FALSE,FALSE,4/2/2020,Species
SALARC,Salix,arctica,Salix arctica,Salix,,arctica,NA,NA,,,kew-5001380,TRUE,1.1,Accepted,Salicaceae,Salix,,arctica,SALARC,,,Pall.,kew-5001380,Accepted,FALSE,FALSE,FALSE,4/2/2020,Species
SALGLA,Salix,glauca,Salix glauca,Salix,,glauca,NA,NA,,,kew-5000657,TRUE,1.1,Accepted,Salicaceae,Salix,,glauca,SALGLA,,,L.,kew-5000657,Accepted,FALSE,FALSE,FALSE,4/2/2020,Species
SALHAS,Salix,hastata,Salix hastata,Salix,,hastata,NA,NA,,,kew-5000754,TRUE,1.1,Accepted,Salicaceae,Salix,,hastata,SALHAS,,,L.,kew-5000754,Accepted,FALSE,FALSE,FALSE,4/2/2020,Species
SALHER,Salix,herbacea,Salix herbacea,Salix,,herbacea,NA,NA,,,kew-5000781,TRUE,1.1,Accepted,Salicaceae,Salix,,herbacea,SALHER,,,L.,kew-5000781,Accepted,FALSE,FALSE,FALSE,4/2/2020,Species
SALLAN,Salix,lanata,Salix lanata,Salix,,lanata,NA,NA,,,kew-5001036,TRUE,1.1,Accepted,Salicaceae,Salix,,lanata,SALLAN,,,L.,kew-5001036,Accepted,FALSE,FALSE,FALSE,4/2/2020,Species
SALMYRS,Salix,myrsinites,Salix myrsinites,Salix,,myrsinites,NA,NA,,,kew-5002800,TRUE,1.1,Accepted,Salicaceae,Salix,,myrsinites,SALMYRS,,,L.,kew-5002800,Accepted,FALSE,FALSE,FALSE,4/2/2020,Species
SALPHL,Salix,phlebophylla,Salix phlebophylla,Salix,,phlebophylla,NA,NA,,,kew-5002999,TRUE,1.1,Accepted,Salicaceae,Salix,,phlebophylla,SALPHL,,,Andersson,kew-5002999,Accepted,FALSE,FALSE,FALSE,4/2/2020,Species
SALPLA,Salix,planifolia,Salix planifolia,Salix,,planifolia,NA,NA,,,kew-5003032,TRUE,1.1,Accepted,Salicaceae,Salix,,planifolia,SALPLA,,,Pursh,kew-5003032,Accepted,FALSE,FALSE,FALSE,4/2/2020,Species
SALPOL,Salix,polaris,Salix polaris,Salix,,polaris,NA,NA,,,kew-5003036,TRUE,1.1,Accepted,Salicaceae,Salix,,polaris,SALPOL,,,Wahlenb.,kew-5003036,Accepted,FALSE,FALSE,FALSE,4/2/2020,Species
SALPUL,Salix,pulchra,Salix pulchra,Salix,,pulchra,NA,NA,,,kew-5003513,TRUE,1.1,Accepted,Salicaceae,Salix,,pulchra,SALPUL,,,Cham.,kew-5003513,Accepted,FALSE,FALSE,FALSE,4/2/2020,Species
SALRET,Salix,retusa,Salix retusa,Salix,,retusa,NA,NA,,,kew-5003230,TRUE,1.1,Accepted,Salicaceae,Salix,,retusa,SALRET,,,L.,kew-5003230,Accepted,FALSE,FALSE,FALSE,4/2/2020,Species
SALRETI,Salix,reticulata,Salix reticulata,Salix,,reticulata,NA,NA,,,kew-5003396,TRUE,1.1,Accepted,Salicaceae,Salix,,reticulata,SALRETI,,,L.,kew-5003396,Accepted,FALSE,FALSE,FALSE,4/2/2020,Species
SALROT,Salix,rotundifolia,Salix rotundifolia,Salix,,rotundifolia,NA,NA,,,kew-5003245,TRUE,1.1,Accepted,Salicaceae,Salix,,rotundifolia,SALROT,,,Trautv.,kew-5003245,Accepted,FALSE,FALSE,FALSE,4/2/2020,Species
SAUALP,Saussurea,alpina,Saussurea alpina,Saussurea,,alpina,NA,NA,,,gcc-119529,TRUE,1.1,Accepted,Compositae,Saussurea,,alpina,SAUALP,,,(L.) DC.,gcc-119529,Accepted,FALSE,FALSE,FALSE,4/2/2020,Species
SAXAIZ,Saxifraga,aizoides,Saxifraga aizoides,Saxifraga,,aizoides,NA,NA,,,kew-2583407,TRUE,1.1,Accepted,Saxifragaceae,Saxifraga,,aizoides,SAXAIZ,,,L.,kew-2583407,Accepted,FALSE,FALSE,FALSE,4/2/2020,Species
SAXBRY,Saxifraga,bryoides,Saxifraga bryoides,Saxifraga,,bryoides,NA,NA,,,kew-2584772,TRUE,1.1,Accepted,Saxifragaceae,Saxifraga,,bryoides,SAXBRY,,,L.,kew-2584772,Accepted,FALSE,FALSE,FALSE,4/2/2020,Species
SAXCER,Saxifraga,cernua,Saxifraga cernua,Saxifraga,,cernua,NA,NA,,,kew-2585150,TRUE,1.1,Accepted,Saxifragaceae,Saxifraga,,cernua,SAXCER,,,L.,kew-2585150,Accepted,FALSE,FALSE,FALSE,4/2/2020,Species
SAXFLA,Saxifraga,flagellaris,Saxifraga flagellaris,Saxifraga,,flagellaris,NA,NA,,,kew-2583838,TRUE,1.1,Accepted,Saxifragaceae,Saxifraga,,flagellaris,SAXFLA,,,Willd.,kew-2583838,Accepted,FALSE,FALSE,FALSE,4/2/2020,Species
SAXFOL,Saxifraga,foliolosa,Saxifraga foliolosa,Saxifraga,,foliolosa,NA,NA,,,kew-2583692,TRUE,1.1,Accepted,Saxifragaceae,Saxifraga,,foliolosa,SAXFOL,,,R.Br.,kew-2583692,Accepted,FALSE,FALSE,FALSE,4/2/2020,Species
SAXHIE,Saxifraga,hieraciifolia,Saxifraga hieraciifolia,Saxifraga,,hieraciifolia,NA,NA,,,kew-2871828,TRUE,1.1,Accepted,Saxifragaceae,Saxifraga,,hieraciifolia,SAXHIE,,,Waldst. & Kit. ex Willd.,kew-2871828,Accepted,FALSE,FALSE,FALSE,4/2/2020,Species
SAXHIR,Saxifraga,hirculus,Saxifraga hirculus,Saxifraga,,hirculus,NA,NA,,,kew-2583517,TRUE,1.1,Accepted,Saxifragaceae,Saxifraga,,hirculus,SAXHIR,,,L.,kew-2583517,Accepted,FALSE,FALSE,FALSE,4/2/2020,Species
SAXNIV,Saxifraga,nivalis,Saxifraga nivalis,Saxifraga,,nivalis,NA,NA,,,kew-2583082,TRUE,1.1,Accepted,Saxifragaceae,Saxifraga,,nivalis,SAXNIV,,,L.,kew-2583082,Accepted,FALSE,FALSE,FALSE,4/2/2020,Species
SAXOPP,Saxifraga,oppositifolia,Saxifraga oppositifolia,Saxifraga,,oppositifolia,NA,NA,,,kew-2583045,TRUE,1.1,Accepted,Saxifragaceae,Saxifraga,,oppositifolia,SAXOPP,,,L.,kew-2583045,Accepted,FALSE,FALSE,FALSE,4/2/2020,Species
SAXPUN,Saxifraga,punctata,Saxifraga punctata,Saxifraga,,punctata,NA,NA,,,tro-29100182,TRUE,1.1,Accepted,Saxifragaceae,Saxifraga,,punctata,SAXPUN,,,L.,tro-29100182,Accepted,FALSE,FALSE,FALSE,4/2/2020,Species
SAXRIV,Saxifraga,rivularis,Saxifraga rivularis,Saxifraga,,rivularis,NA,NA,,,kew-2585029,TRUE,1.1,Accepted,Saxifragaceae,Saxifraga,,rivularis,SAXRIV,,,L.,kew-2585029,Accepted,FALSE,FALSE,FALSE,4/2/2020,Species
SAXSTE,Saxifraga,stellaris,Saxifraga stellaris,Saxifraga,,stellaris,NA,NA,,,kew-2584970,TRUE,1.1,Accepted,Saxifragaceae,Saxifraga,,stellaris,SAXSTE,,,L.,kew-2584970,Accepted,FALSE,FALSE,FALSE,4/2/2020,Species
SAXTEN,Saxifraga,tenuis,Saxifraga tenuis,Saxifraga,,tenuis,NA,NA,,,kew-2584753,TRUE,1.1,Accepted,Saxifragaceae,Saxifraga,,tenuis,SAXTEN,,,(Wahlenb.) Harry Sm. ex Lindm.,kew-2584753,Accepted,FALSE,FALSE,FALSE,4/2/2020,Species
SAXTRI,Saxifraga,tricuspidata,Saxifraga tricuspidata,Saxifraga,,tricuspidata,NA,NA,,,tro-29100641,TRUE,1.1,Accepted,Saxifragaceae,Saxifraga,,tricuspidata,SAXTRI,,,Rottb.,tro-29100641,Accepted,FALSE,FALSE,FALSE,4/2/2020,Species
SEDALP,Sedum,alpestre,Sedum alpestre,Sedum,,alpestre,NA,NA,,,kew-2484741,TRUE,1.1,Accepted,Crassulaceae,Sedum,,alpestre,SEDALP,,,Vill.,kew-2484741,Accepted,FALSE,FALSE,FALSE,4/2/2020,Species
SEMMON,Sempervivum,montanum,Sempervivum montanum,Sempervivum,,montanum,NA,NA,,,kew-2490066,TRUE,1.1,Accepted,Crassulaceae,Sempervivum,,montanum,SEMMON,,,L.,kew-2490066,Accepted,FALSE,FALSE,FALSE,4/2/2020,Species
SENPIN,Senecio,pinnatifolius,Senecio pinnatifolius,Senecio,,pinnatifolius,NA,NA,,,gcc-92172,TRUE,1.1,Accepted,Compositae,Senecio,,pinnatifolius,SENPIN,,,A.Rich.,gcc-92172,Accepted,FALSE,FALSE,FALSE,4/2/2020,Species
SESCAE,Sesleria,caerulea,Sesleria caerulea,Sesleria,,caerulea,NA,NA,,,kew-441982,TRUE,1.1,Accepted,Poaceae,Sesleria,,caerulea,SESCAE,,,(L.) Ard.,kew-441982,Accepted,FALSE,FALSE,FALSE,4/2/2020,Species
SIBPRO,Sibbaldia,procumbens,Sibbaldia procumbens,Sibbaldia,,procumbens,NA,NA,,,rjp-21,TRUE,1.1,Accepted,Rosaceae,Sibbaldia,,procumbens,SIBPRO,,,L.,rjp-21,Accepted,FALSE,FALSE,FALSE,4/2/2020,Species
SILACA,Silene,acaulis,Silene acaulis,Silene,,acaulis,NA,NA,,,kew-2485026,TRUE,1.1,Accepted,Caryophyllaceae,Silene,,acaulis,SILACA,,,(L.) Jacq.,kew-2485026,Accepted,FALSE,FALSE,FALSE,4/2/2020,Species
SILDIO,Silene,dioica,Silene dioica,Silene,,dioica,NA,NA,,,kew-2488209,TRUE,1.1,Accepted,Caryophyllaceae,Silene,,dioica,SILDIO,,,(L.) Clairv.,kew-2488209,Accepted,FALSE,FALSE,FALSE,4/2/2020,Species
SOLALP,Soldanella,alpina,Soldanella alpina,Soldanella,,alpina,NA,NA,,,kew-2599168,TRUE,1.1,Accepted,Primulaceae,Soldanella,,alpina,SOLALP,,,L.,kew-2599168,Accepted,FALSE,FALSE,FALSE,4/2/2020,Species
SOLVIR,Solidago,virgaurea,Solidago virgaurea,Solidago,,virgaurea,NA,NA,,,gcc-44550,TRUE,1.1,Accepted,Compositae,Solidago,,virgaurea,SOLVIR,,,L.,gcc-44550,Accepted,FALSE,FALSE,FALSE,4/2/2020,Species
STECRA,Stellaria,crassipes,Stellaria crassipes,Stellaria,,crassipes,NA,NA,,,kew-2481796,TRUE,1.1,Accepted,Caryophyllaceae,Stellaria,,crassipes,STECRA,,,Hultén,kew-2481796,Accepted,FALSE,FALSE,FALSE,4/2/2020,Species
STEHUM,Stellaria,humifusa,Stellaria humifusa,Stellaria,,humifusa,NA,NA,,,kew-2481909,TRUE,1.1,Accepted,Caryophyllaceae,Stellaria,,humifusa,STEHUM,,,Rottb.,kew-2481909,Accepted,FALSE,FALSE,FALSE,4/2/2020,Species
STELON,Stellaria,longipes,Stellaria longipes,Stellaria,,longipes,NA,NA,,,kew-2481957,TRUE,1.1,Accepted,Caryophyllaceae,Stellaria,,longipes,STELON,,,Goldie,kew-2481957,Accepted,FALSE,FALSE,FALSE,4/2/2020,Species
TARCRO,Taraxacum,croceum,Taraxacum croceum,Taraxacum,,croceum,NA,NA,,,gcc-28190,TRUE,1.1,Accepted,Compositae,Taraxacum,,croceum,TARCRO,,,Dahlst.,gcc-28190,Accepted,FALSE,FALSE,FALSE,4/2/2020,Species
THAALP,Thalictrum,alpinum,Thalictrum alpinum,Thalictrum,,alpinum,NA,NA,,,kew-2516424,TRUE,1.1,Accepted,Ranunculaceae,Thalictrum,,alpinum,THAALP,,,L.,kew-2516424,Accepted,FALSE,FALSE,FALSE,4/2/2020,Species
TOFPUS,Tofieldia,pusilla,Tofieldia pusilla,Tofieldia,,pusilla,NA,NA,,,kew-290295,TRUE,1.1,Accepted,Tofieldiaceae,Tofieldia,,pusilla,TOFPUS,,,(Michx.) Pers.,kew-290295,Accepted,FALSE,FALSE,FALSE,4/2/2020,Species
TRIAND,Trifolium,andersonii ,Trifolium andersonii ,Trifolium,,andersonii,NA,NA,,,ild-15195,TRUE,1.1,Accepted,Leguminosae,Trifolium,,andersonii,TRIAND,,,A.Gray,ild-15195,Accepted,FALSE,FALSE,FALSE,4/2/2020,Species
TRIPAR,Trifolium,parryi,Trifolium parryi,Trifolium,,parryi,NA,NA,,,ild-20452,TRUE,1.1,Accepted,Leguminosae,Trifolium,,parryi,TRIPAR,,,A.Gray,ild-20452,Accepted,FALSE,FALSE,FALSE,4/2/2020,Species
TRISPI,Trisetum,spicatum,Trisetum spicatum,Trisetum,,spicatum,NA,NA,,,kew-448109,TRUE,1.1,Accepted,Poaceae,Trisetum,,spicatum,TRISPI,,,(L.) K.Richt.,kew-448109,Accepted,FALSE,FALSE,FALSE,4/2/2020,Species
TROEUR,Trollius,europaeus,Trollius europaeus,Trollius,,europaeus,NA,NA,,,kew-2514617,TRUE,1.1,Accepted,Ranunculaceae,Trollius,,europaeus,TROEUR,,,L.,kew-2514617,Accepted,FALSE,FALSE,FALSE,4/2/2020,Species
VACMYR,Vaccinium,myrtillus,Vaccinium myrtillus,Vaccinium,,myrtillus,NA,NA,,,kew-2457648,TRUE,1.1,Accepted,Ericaceae,Vaccinium,,myrtillus,VACMYR,,,L.,kew-2457648,Accepted,FALSE,FALSE,FALSE,4/2/2020,Species
VACULI,Vaccinium,uliginosum,Vaccinium uliginosum,Vaccinium,,uliginosum,NA,NA,,,kew-2457998,TRUE,1.1,Accepted,Ericaceae,Vaccinium,,uliginosum,VACULI,,,L.,kew-2457998,Accepted,FALSE,FALSE,FALSE,4/2/2020,Species
VACVIT,Vaccinium,vitis-idaea,Vaccinium vitis-idaea,Vaccinium,,vitis-idaea,NA,NA,,,kew-2457314,TRUE,1.1,Accepted,Ericaceae,Vaccinium,,vitis-idaea,VACVIT,,,L.,kew-2457314,Accepted,FALSE,FALSE,FALSE,4/2/2020,Species
VERALP,Veronica,alpina,Veronica alpina,Veronica,,alpina,NA,NA,,,kew-2453888,TRUE,1.1,Accepted,Plantaginaceae,Veronica,,alpina,VERALP,,,L.,kew-2453888,Accepted,FALSE,FALSE,FALSE,4/2/2020,Species
VERFRU,Veronica,fruticans,Veronica fruticans,Veronica,,fruticans,NA,NA,,,kew-2462859,TRUE,1.1,Accepted,Plantaginaceae,Veronica,,fruticans,VERFRU,,,Jacq.,kew-2462859,Accepted,FALSE,FALSE,FALSE,4/2/2020,Species
VIOBIF,Viola,biflora,Viola biflora,Viola,,biflora,NA,NA,,,kew-2464036,TRUE,1.1,Accepted,Violaceae,Viola,,biflora,VIOBIF,,,L.,kew-2464036,Accepted,FALSE,FALSE,FALSE,4/2/2020,Species
CALXX,Calamagrostis,spp.,Calamagrostis spp.,Calamagrostis,,spp.,NA,NA,,,,FALSE,1.1,,,Calamagrostis,,spp.,CALXX,NA,,,,,FALSE,FALSE,FALSE,4/2/2020,Genus
CARDXX,Cardamine,spp.,Cardamine spp.,Cardamine,,spp.,NA,NA,,,,FALSE,1.1,,,Cardamine,,spp.,CARDXX,NA,,,,,FALSE,FALSE,FALSE,4/2/2020,Genus
CARXXX,Carex,spp.,Carex spp.,Carex,,spp.,NA,NA,,,,FALSE,1.1,,,Carex,,spp.,CARXXX,NA,,,,,FALSE,FALSE,FALSE,4/2/2020,Genus
DRAXXX,Draba,spp.,Draba spp.,Draba,,spp.,NA,NA,,,,FALSE,1.1,,,Draba,,spp.,DRAXXX,NA,,,,,FALSE,FALSE,FALSE,4/2/2020,Genus
JUNXXX,Juncus,spp.,Juncus spp.,Juncus,,spp.,NA,NA,,,,FALSE,1.1,,,Juncus,,spp.,JUNXXX,NA,,,,,FALSE,FALSE,FALSE,4/2/2020,Genus
LUZXXX,Luzula,spp.,Luzula spp.,Luzula,,spp.,NA,NA,,,,FALSE,1.1,,,Luzula,,spp.,LUZXXX,NA,,,,,FALSE,FALSE,FALSE,4/2/2020,Genus
SALXXX,Salix,spp.,Salix spp.,Salix,,spp.,NA,NA,,,,FALSE,1.1,,,Salix,,spp.,SALXXX,NA,,,,,FALSE,FALSE,FALSE,4/2/2020,Genus
SAXXXX,Saxifraga,spp.,Saxifraga spp.,Saxifraga,,spp.,NA,NA,,,,FALSE,1.1,,,Saxifraga,,spp.,SAXXXX,NA,,,,,FALSE,FALSE,FALSE,4/2/2020,Genus
HELVER,Helictotrichon,versicolor,Helictotrichon versicolor,Helictotrichon,,versicolor,NA,NA,,,kew-398334,TRUE,1.1,Synonym,Poaceae,Helictotrichon,,versicolor,HELVER,,,(Vill.) Schult. & Schult.f.,kew-418551,Accepted,FALSE,FALSE,FALSE,4/2/2020,Species
PHYHEM,Phyteuma, hemisphaericum,Phyteuma hemisphaericum,Phyteuma ,,hemisphaericum,NA,NA,,,,TRUE,1.1,Accepted,Campanulaceae,Phyteuma,, hemisphaericum,PHYHEM,,,,,Accepted,FALSE,FALSE,FALSE,4/2/2020,Species
